component,bin,-199.2188,-195.3125,-191.4063,-187.5,-183.5938,-179.6875,-175.7813,-171.875,-167.9688,-164.0625,-160.1563,-156.25,-152.3438,-148.4375,-144.5313,-140.625,-136.7188,-132.8125,-128.9063,-125,-121.0938,-117.1875,-113.2813,-109.375,-105.4688,-101.5625,-97.6563,-93.75,-89.8438,-85.9375,-82.0313,-78.125,-74.2188,-70.3125,-66.4063,-62.5,-58.5938,-54.6875,-50.7813,-46.875,-42.9688,-39.0625,-35.1563,-31.25,-27.3438,-23.4375,-19.5313,-15.625,-11.7188,-7.8125,-3.9063,0,3.9063,7.8125,11.7188,15.625,19.5313,23.4375,27.3438,31.25,35.1563,39.0625,42.9688,46.875,50.7813,54.6875,58.5938,62.5,66.4063,70.3125,74.2188,78.125,82.0313,85.9375,89.8438,93.75,97.6563,101.5625,105.4688,109.375,113.2813,117.1875,121.0938,125,128.9063,132.8125,136.7188,140.625,144.5313,148.4375,152.3438,156.25,160.1563,164.0625,167.9688,171.875,175.7813,179.6875,183.5938,187.5,191.4063,195.3125,199.2188,203.125,207.0313,210.9375,214.8438,218.75,222.6563,226.5625,230.4688,234.375,238.2813,242.1875,246.0938,250,253.9063,257.8125,261.7188,265.625,269.5313,273.4375,277.3438,281.25,285.1563,289.0625,292.9688,296.875,300.7813,304.6875,308.5938,312.5,316.4063,320.3125,324.2188,328.125,332.0313,335.9375,339.8438,343.75,347.6563,351.5625,355.4688,359.375,363.2813,367.1875,371.0938,375,378.9063,382.8125,386.7188,390.625,394.5313,398.4375,402.3438,406.25,410.1563,414.0625,417.9688,421.875,425.7813,429.6875,433.5938,437.5,441.4063,445.3125,449.2188,453.125,457.0313,460.9375,464.8438,468.75,472.6563,476.5625,480.4688,484.375,488.2813,492.1875,496.0938,500,503.9063,507.8125,511.7188,515.625,519.5313,523.4375,527.3438,531.25,535.1563,539.0625,542.9688,546.875,550.7813,554.6875,558.5938,562.5,566.4063,570.3125,574.2188,578.125,582.0313,585.9375,589.8438,593.75,597.6563,601.5625,605.4688,609.375,613.2813,617.1875,621.0938,625,628.9063,632.8125,636.7188,640.625,644.5313,648.4375,652.3438,656.25,660.1563,664.0625,667.9688,671.875,675.7813,679.6875,683.5938,687.5,691.4063,695.3125,699.2188,703.125,707.0313,710.9375,714.8438,718.75,722.6563,726.5625,730.4688,734.375,738.2813,742.1875,746.0938,750,753.9063,757.8125,761.7188,765.625,769.5313,773.4375,777.3438,781.25,785.1563,789.0625,792.9688,796.875,800.7813,804.6875,808.5938,812.5,816.4063,820.3125,824.2188,828.125,832.0313,835.9375,839.8438,843.75,847.6563,851.5625,855.4688,859.375,863.2813,867.1875,871.0938,875,878.9063,882.8125,886.7188,890.625,894.5313,898.4375,902.3438,906.25,910.1563,914.0625,917.9688,921.875,925.7813,929.6875,933.5938,937.5,941.4063,945.3125,949.2188,953.125,957.0313,960.9375,964.8438,968.75,972.6563,976.5625,980.4688,984.375,988.2813,992.1875,996.0938
P1,negativeLargeDark ,-0.04112,-0.034221,-0.023469,-0.013401,-0.0092068,-0.015215,-0.033023,-0.060197,-0.090439,-0.1155,-0.12821,-0.1252,-0.10812,-0.082856,-0.057136,-0.037829,-0.028849,-0.030314,-0.039224,-0.05114,-0.06188,-0.072315,-0.07293,-0.066726,-0.053408,-0.03382,-0.010618,0.011751,0.028047,0.03402,0.028185,0.012898,-0.0058937,-0.020433,-0.023956,-0.013442,0.0089814,0.036823,0.061989,0.078286,0.08406,0.082765,0.084591,0.089428,0.10472,0.12832,0.15194,0.16433,0.15668,0.12758,0.084688,0.041857,0.012604,0.0032138,0.0091016,0.016618,0.010048,-0.019255,-0.066574,-0.11444,-0.14081,-0.13075,-0.084818,-0.018825,0.045904,0.09678,0.14061,0.20416,0.32304,0.52385,0.80821,1.1474,1.4913,1.7869,1.9979,2.1149,2.1514,2.1296,2.0637,1.9514,1.776,1.5185,1.1715,0.74838,0.28091,-0.19014,-0.62782,-1.0072,-1.3162,-1.5444,-1.6984,-1.7687,-1.7521,-1.6536,-1.4904,-1.2905,-1.0862,-0.9047,-0.76033,-0.65315,-0.57273,-0.50561,-0.44151,-0.37554,-0.30651,-0.23364,-0.15476,-0.067297,0.029197,0.13094,0.2299,0.31659,0.38422,0.4323,0.46744,0.50089,0.54389,0.60328,0.67933,0.76641,0.85559,0.93755,1.0047,1.0518,1.0766,1.0781,1.0559,1.0142,0.95428,0.88072,0.79944,0.71708,0.6395,0.57045,0.51088,0.45917,0.41221,0.36698,0.32205,0.27853,0.23974,0.20979,0.1917,0.1863,0.19219,0.20693,0.22835,0.25533,0.28761,0.32487,0.36583,0.4079,0.44771,0.48248,0.51118,0.53474,0.55488,0.57231,0.58562,0.59169,0.58767,0.57316,0.55146,0.5287,0.51106,0.50159,0.49824,0.49445,0.48239,0.45732,0.42084,0.38099,0.34896,0.33391,0.33849,0.35749,0.38026,0.39568,0.39712,0.38503,0.3658,0.35253,0.34145,0.33767,0.33598,0.32862,0.30961,0.27779,0.23702,0.19397,0.15486,0.12307,0.098477,0.078731,0.061259,0.04493,0.030413,0.019145,0.011763,0.0069897,0.0018034,-0.0071389,-0.021818,-0.0419,-0.065025,-0.087856,-0.1072,-0.12097,-0.12867,-0.13136,-0.13134,-0.13154,-0.13503,-0.14449,-0.16177,-0.18737,-0.22001,-0.25661,-0.29304,-0.32525,-0.35051,-0.36793,-0.3783,-0.38342,-0.38529,-0.38535,-0.38386,-0.3796,-0.3703,-0.35358,-0.32822,-0.29543,-0.25933,-0.22661,-0.20486,-0.20014,-0.21451,-0.24453,-0.28192,-0.31633,-0.33915,-0.34676,-0.34153,-0.33031,-0.32095,-0.31869,-0.32396,-0.33268,-0.3389,-0.33835,-0.33094,-0.32095,-0.31476,-0.31757,-0.33086,-0.35201,-0.37599,-0.39812,-0.41616,-0.43076,-0.44423,-0.45841,-0.47298,-0.48514,-0.49097,-0.4887,-0.4761,-0.45619,-0.43314,-0.41093,-0.39188,-0.37628,-0.3629,-0.34989,-0.33557,-0.31894,-0.29961,-0.27794,-0.25507,-0.23311,-0.21509,-0.2043,-0.20298,-0.21102,-0.22546,-0.24151,-0.25478,-0.2635,-0.26914,-0.27501,-0.28358,-0.29414,-0.3023,-0.30209,-0.28974,-0.267,-0.24206,-0.22675,-0.23117,-0.25832,-0.30189,-0.34879,-0.3855,-0.40471,-0.40878,-0.40812,-0.41534
P1,negativeSmallDark ,-0.084682,-0.047801,-0.0089534,0.020011,0.031718,0.026402,0.011017,-0.0050989,-0.015491,-0.019936,-0.023901,-0.034539,-0.055706,-0.084817,-0.11337,-0.13087,-0.13005,-0.11059,-0.079223,-0.046349,-0.020977,-0.0067409,-0.0010876,0.0022331,0.0089425,0.020647,0.033827,0.041783,0.038368,0.021504,-0.0053285,-0.034275,-0.056237,-0.06441,-0.056596,-0.035448,-0.0069589,0.021792,0.044809,0.058532,0.062345,0.058439,0.051111,0.045605,0.046763,0.057474,0.077346,0.10222,0.12493,0.13751,0.13411,0.11351,0.079907,0.041392,0.0067586,-0.017941,-0.031552,-0.037742,-0.042725,-0.051759,-0.066118,-0.082019,-0.092005,-0.088204,-0.065875,-0.025262,0.029156,0.091644,0.15889,0.23267,0.31998,0.43059,0.5729,0.74989,0.95665,1.1805,1.4032,1.6048,1.7664,1.8715,1.9068,1.8619,1.7302,1.5104,1.2095,0.84374,0.43863,0.025773,-0.36274,-0.70054,-0.97195,-1.1736,-1.3121,-1.3994,-1.4473,-1.465,-1.4583,-1.4328,-1.3954,-1.3562,-1.3258,-1.3125,-1.3144,-1.3223,-1.3186,-1.2839,-1.2044,-1.0775,-0.91249,-0.72644,-0.53737,-0.35749,-0.18986,-0.02961,0.13133,0.29848,0.47124,0.64311,0.80525,0.95131,1.0803,1.1961,1.3046,1.4092,1.509,1.5986,1.6708,1.7206,1.7476,1.7557,1.7513,1.7396,1.7223,1.6971,1.66,1.6084,1.5422,1.465,1.3819,1.2978,1.2151,1.1339,1.0529,0.97124,0.88976,0.81203,0.74347,0.68994,0.65619,0.64468,0.65772,0.68636,0.72898,0.77977,0.83205,0.88093,0.92172,0.95164,0.96975,0.97675,0.97459,0.96598,0.95391,0.94116,0.92975,0.92052,0.91292,0.90505,0.8941,0.87719,0.85242,0.81968,0.78081,0.73916,0.69872,0.66337,0.63649,0.62099,0.62145,0.63514,0.66336,0.70241,0.7478,0.78727,0.81515,0.82675,0.82172,0.80367,0.7781,0.74982,0.72107,0.69152,0.65996,0.62642,0.59315,0.56373,0.54101,0.52506,0.51277,0.49933,0.48087,0.45664,0.42953,0.40438,0.38494,0.37136,0.35974,0.34432,0.32088,0.28936,0.25395,0.2206,0.19349,0.17237,0.1525,0.12695,0.090319,0.041809,-0.014047,-0.069446,-0.11708,-0.15335,-0.17928,-0.19866,-0.21498,-0.22895,-0.23824,-0.23947,-0.23121,-0.21635,-0.20208,-0.19734,-0.20855,-0.23604,-0.27305,-0.30819,-0.33008,-0.33227,-0.31569,-0.28789,-0.25945,-0.23952,-0.2323,-0.23597,-0.24453,-0.2512,-0.25195,-0.24731,-0.2418,-0.24147,-0.25102,-0.27187,-0.30542,-0.33887,-0.37117,-0.39813,-0.41766,-0.42983,-0.43602,-0.43762,-0.43519,-0.42852,-0.41738,-0.40219,-0.38411,-0.36446,-0.34401,-0.32241,-0.29855,-0.27142,-0.24156,-0.21224,-0.18948,-0.18047,-0.19053,-0.22018,-0.26402,-0.31241,-0.35472,-0.38306,-0.39429,-0.39001,-0.37468,-0.35297,-0.3278,-0.2999,-0.26918,-0.23683,-0.20757,-0.18392,-0.172,-0.17303,-0.18381,-0.19804,-0.20919,-0.21356,-0.21192,-0.20904,-0.21126,-0.22328,-0.24556,-0.27371,-0.3004,-0.31868,-0.32517,-0.32153,-0.31352
P1,negativeLargeBright ,0.0014261,-0.019223,-0.040197,-0.061804,-0.08382,-0.10464,-0.12125,-0.13012,-0.12876,-0.11669,-0.095671,-0.068952,-0.040301,-0.013329,0.0088065,0.023716,0.030328,0.028874,0.022573,0.015156,0.011058,0.013343,0.022375,0.035337,0.047419,0.054119,0.053714,0.048466,0.043559,0.044404,0.053703,0.069862,0.087497,0.099745,0.10129,0.09073,0.071082,0.048417,0.029032,0.016798,0.01211,0.012541,0.014542,0.014922,0.011568,0.0034923,-0.0093371,-0.025963,-0.044438,-0.062008,-0.075508,-0.083223,-0.080686,-0.070428,-0.055733,-0.041123,-0.030337,-0.024459,-0.021257,-0.016179,-0.0043941,0.016885,0.046784,0.080475,0.11041,0.12904,0.13206,0.12094,0.10319,0.090059,0.092419,0.11674,0.16288,0.22496,0.2952,0.3694,0.45106,0.54732,0.68288,0.86379,1.0884,1.3392,1.5861,1.7908,1.9227,1.9631,1.9092,1.7706,1.5625,1.2989,0.98897,0.63939,0.2592,-0.13506,-0.51809,-0.85948,-1.131,-1.3141,-1.4048,-1.4142,-1.3636,-1.2787,-1.1832,-1.0945,-1.0226,-0.97013,-0.93384,-0.90643,-0.87702,-0.83574,-0.77475,-0.69144,-0.58987,-0.47985,-0.37398,-0.28363,-0.21525,-0.1685,-0.13681,-0.10982,-0.076812,-0.029763,0.035054,0.11694,0.21176,0.31328,0.41448,0.50892,0.59187,0.66119,0.71726,0.76199,0.79732,0.82383,0.84021,0.84381,0.83216,0.80466,0.76364,0.71409,0.66179,0.61124,0.5644,0.52109,0.48047,0.44251,0.40845,0.38006,0.35842,0.34331,0.33355,0.32824,0.32822,0.33655,0.35719,0.39232,0.43972,0.49212,0.53194,0.5645,0.57921,0.57946,0.574,0.57263,0.58121,0.59849,0.61619,0.62242,0.60708,0.56671,0.50634,0.43768,0.37469,0.32865,0.30478,0.30132,0.31117,0.32521,0.33574,0.33877,0.33433,0.32492,0.31327,0.30074,0.28714,0.27187,0.25531,0.23957,0.22777,0.22231,0.22274,0.22276,0.21929,0.20431,0.17575,0.13777,0.099664,0.071593,0.059457,0.061539,0.068858,0.069206,0.052931,0.01756,-0.030932,-0.080826,-0.12002,-0.14132,-0.14486,-0.13659,-0.12436,-0.1139,-0.10718,-0.10359,-0.1025,-0.10525,-0.11413,-0.13465,-0.16589,-0.20385,-0.24116,-0.27022,-0.28717,-0.29411,-0.298,-0.30674,-0.32461,-0.34959,-0.37431,-0.3929,-0.39375,-0.38036,-0.35972,-0.34205,-0.33581,-0.34357,-0.36083,-0.37853,-0.38811,-0.3861,-0.37519,-0.36542,-0.36512,-0.3792,-0.40539,-0.43473,-0.45811,-0.46144,-0.44581,-0.41887,-0.39417,-0.38519,-0.39917,-0.43377,-0.47799,-0.51681,-0.5374,-0.53467,-0.51333,-0.48575,-0.46631,-0.46512,-0.48642,-0.51846,-0.55257,-0.5783,-0.5906,-0.59115,-0.58873,-0.59182,-0.60544,-0.62798,-0.65175,-0.66652,-0.66445,-0.6439,-0.61006,-0.57254,-0.54116,-0.52189,-0.51483,-0.51507,-0.51579,-0.5121,-0.50365,-0.49451,-0.49053,-0.49559,-0.50919,-0.5265,-0.54071,-0.54634,-0.54174,-0.52972,-0.51606,-0.5068,-0.5055,-0.51198,-0.52302,-0.53457,-0.54378,-0.54996,-0.55391,-0.55676,-0.5591,-0.56079,-0.56122
P1,negativeSmallBright ,0.09394,0.10656,0.10553,0.091019,0.067178,0.03997,0.014721,-0.005553,-0.020466,-0.031308,-0.039706,-0.046561,-0.051631,-0.05366,-0.050837,-0.041463,-0.024501,7.8936e-05,0.03111,0.066149,0.10154,0.13292,0.15592,0.16705,0.1644,0.14797,0.11499,0.077658,0.036323,-0.0037702,-0.037367,-0.060243,-0.070363,-0.068658,-0.059029,-0.047321,-0.03949,-0.039617,-0.048667,-0.064451,-0.082772,-0.099107,-0.11002,-0.11366,-0.10949,-0.097744,-0.07941,-0.056754,-0.033926,-0.016704,-0.010773,-0.019083,-0.039567,-0.064655,-0.083552,-0.086587,-0.06979,-0.037299,-0.00021578,0.027864,0.03672,0.0239,-0.0044362,-0.036611,-0.060756,-0.069529,-0.062274,-0.043985,-0.022082,-0.0028984,0.010249,0.016903,0.018074,0.014969,0.0089358,0.0026231,0.0012152,0.012408,0.044518,0.10323,0.18866,0.29436,0.40893,0.51978,0.61714,0.69665,0.75911,0.80267,0.84041,0.86533,0.87175,0.85249,0.80272,0.72347,0.6228,0.51416,0.41241,0.32915,0.26927,0.22976,0.20136,0.17233,0.13297,0.079243,0.014153,-0.053463,-0.11224,-0.15242,-0.16951,-0.16603,-0.15083,-0.13618,-0.13381,-0.1511,-0.18906,-0.2426,-0.30273,-0.35966,-0.40535,-0.435,-0.44701,-0.44182,-0.42073,-0.38507,-0.33636,-0.27691,-0.2104,-0.14126,-0.073188,-0.0076821,0.056519,0.12276,0.19477,0.27489,0.36785,0.46161,0.55694,0.65045,0.74016,0.82529,0.90486,0.97654,1.0369,1.0833,1.1163,1.1415,1.1677,1.204,1.2554,1.32,1.3887,1.4489,1.4893,1.5055,1.501,1.4858,1.4705,1.4615,1.4586,1.4568,1.4502,1.4364,1.4179,1.4014,1.3938,1.3982,1.4119,1.4271,1.4348,1.429,1.4086,1.377,1.3393,1.2998,1.2605,1.2219,1.1845,1.1498,1.1206,1.0997,1.0879,1.0827,1.0784,1.0689,1.0504,1.0241,0.99572,0.97267,0.96075,0.96226,0.97453,0.99124,1.0049,1.0092,1.001,0.98035,0.94863,0.9073,0.85727,0.79998,0.73897,0.68033,0.63146,0.5983,0.58248,0.57993,0.58186,0.5781,0.56149,0.53142,0.49428,0.46033,0.43854,0.43217,0.43738,0.44566,0.44826,0.44036,0.42287,0.4011,0.38117,0.36604,0.35352,0.33738,0.3111,0.27185,0.22236,0.1696,0.12145,0.083303,0.054304,0.034848,0.019197,0.0037523,-0.012285,-0.026849,-0.036886,-0.040746,-0.044149,-0.040994,-0.040485,-0.045259,-0.055473,-0.069168,-0.083355,-0.095405,-0.10427,-0.11105,-0.11874,-0.13087,-0.15003,-0.17682,-0.20958,-0.24461,-0.27667,-0.29981,-0.30871,-0.30036,-0.27544,-0.23831,-0.19587,-0.15547,-0.12296,-0.10147,-0.09124,-0.09024,-0.095628,-0.10542,-0.11941,-0.13865,-0.16392,-0.1941,-0.22579,-0.25431,-0.27542,-0.28687,-0.28898,-0.28457,-0.27693,-0.27094,-0.26847,-0.26867,-0.26881,-0.26622,-0.26,-0.25524,-0.24768,-0.24224,-0.24021,-0.24199,-0.24735,-0.25613,-0.2689,-0.28704,-0.31217,-0.34464,-0.38226,-0.42023,-0.45287,-0.4761,-0.48906,-0.49397,-0.49472,-0.49474,-0.49554,-0.49619,-0.49401
P1,neutralLargeDark,-0.11295,-0.099873,-0.093537,-0.093513,-0.10259,-0.11778,-0.13458,-0.14414,-0.14217,-0.12716,-0.10175,-0.071852,-0.044597,-0.025703,-0.017288,-0.017304,-0.020741,-0.02206,-0.017761,-0.0078495,0.0045032,0.014762,0.019222,0.016594,0.0083539,-0.0031887,-0.012599,-0.017614,-0.016767,-0.0099979,0.0016796,0.015098,0.031369,0.047077,0.060414,0.070282,0.076743,0.080999,0.084718,0.089102,0.09426,0.099238,0.1027,0.1037,0.10206,0.098147,0.09219,0.083877,0.07273,0.059287,0.046265,0.038501,0.041169,0.056932,0.083691,0.11473,0.14159,0.15841,0.16417,0.16614,0.17049,0.18064,0.19301,0.19895,0.19163,0.17483,0.16783,0.20219,0.3102,0.50974,0.7938,1.1285,1.4643,1.7533,1.966,2.0971,2.16,2.1725,2.1418,2.0581,1.9001,1.6485,1.3001,0.874,0.40761,-0.058048,-0.4846,-0.85465,-1.1631,-1.4107,-1.5947,-1.7052,-1.7294,-1.6619,-1.5127,-1.3096,-1.0926,-0.89511,-0.74326,-0.64199,-0.57952,-0.53551,-0.49111,-0.43557,-0.36712,-0.28904,-0.20748,-0.11649,-0.018724,0.084482,0.18744,0.28085,0.3557,0.40821,0.44279,0.47148,0.50951,0.56888,0.65306,0.75547,0.86266,0.96047,1.0398,1.0995,1.1442,1.1795,1.2073,1.2226,1.2159,1.1769,1.1011,0.99345,0.86816,0.74452,0.63988,0.5638,0.51584,0.48797,0.46978,0.45398,0.4393,0.42992,0.43194,0.44882,0.47861,0.51428,0.54714,0.57126,0.58614,0.5961,0.60693,0.62193,0.64,0.65669,0.66731,0.67035,0.66877,0.6686,0.6751,0.6889,0.70458,0.71313,0.70703,0.68504,0.65366,0.62428,0.60745,0.60756,0.62064,0.63634,0.64308,0.63346,0.60794,0.57189,0.53438,0.50201,0.47633,0.45425,0.43119,0.40434,0.3744,0.34499,0.32018,0.30217,0.2902,0.28801,0.27856,0.26668,0.25249,0.23788,0.22518,0.21604,0.21083,0.20886,0.20867,0.20812,0.20445,0.19466,0.17314,0.14653,0.11233,0.075026,0.039225,0.010095,-0.015727,-0.038472,-0.061674,-0.087883,-0.11691,-0.14577,-0.17023,-0.18716,-0.19602,-0.20094,-0.2008,-0.20011,-0.19914,-0.19635,-0.19006,-0.18039,-0.17005,-0.16348,-0.16468,-0.17531,-0.19463,-0.21842,-0.24429,-0.27049,-0.29656,-0.32227,-0.34626,-0.3657,-0.37726,-0.37905,-0.37228,-0.36138,-0.3523,-0.34959,-0.35419,-0.36309,-0.371,-0.37311,-0.36724,-0.35445,-0.3378,-0.32015,-0.30259,-0.28413,-0.26322,-0.23981,-0.21661,-0.19865,-0.19235,-0.19918,-0.21929,-0.2484,-0.28028,-0.30895,-0.33046,-0.34367,-0.34859,-0.34708,-0.3405,-0.32992,-0.31669,-0.30292,-0.29125,-0.28392,-0.2814,-0.28166,-0.28045,-0.27296,-0.25616,-0.2307,-0.20127,-0.17483,-0.1576,-0.15197,-0.15515,-0.16033,-0.1599,-0.14937,-0.12991,-0.10808,-0.092889,-0.091319,-0.10474,-0.12812,-0.15256,-0.1696,-0.17528,-0.17171,-0.16547,-0.16363,-0.16964,-0.18122,-0.19144,-0.19248,-0.17981,-0.15453,-0.12277,-0.092534,-0.069988,-0.057157,-0.051975,-0.05056,-0.050102
P1,neutralSmallDark,0.047141,0.033364,0.009542,-0.023843,-0.061368,-0.093781,-0.11136,-0.10785,-0.08293,-0.042277,0.0047243,0.048192,0.080501,0.097845,0.10195,0.093173,0.078549,0.063793,0.05342,0.049624,0.051555,0.05556,0.056493,0.049951,0.034588,0.013164,-0.0084289,-0.023982,-0.030052,-0.027602,-0.021267,-0.016573,-0.016566,-0.019799,-0.020812,-0.012978,0.0075272,0.038673,0.072257,0.096652,0.10138,0.081426,0.042275,-0.012185,-0.066455,-0.10762,-0.12821,-0.12973,-0.11551,-0.097223,-0.084913,-0.083991,-0.093068,-0.10481,-0.10957,-0.1002,-0.075984,-0.043666,-0.012336,0.0013654,-0.0048291,-0.027938,-0.058503,-0.083617,-0.095068,-0.089769,-0.069601,-0.037601,0.0063502,0.067483,0.15207,0.27277,0.42907,0.61573,0.82157,1.0335,1.24,1.4322,1.6004,1.731,1.804,1.7958,1.6867,1.469,1.1532,0.76731,0.35004,-0.060068,-0.43409,-0.75695,-1.0255,-1.2426,-1.411,-1.5308,-1.6014,-1.6253,-1.6118,-1.5765,-1.5367,-1.5052,-1.4854,-1.4711,-1.4501,-1.4108,-1.3473,-1.261,-1.1578,-1.0438,-0.92063,-0.78468,-0.62907,-0.44849,-0.24357,-0.022463,0.20118,0.4128,0.60184,0.76477,0.90531,1.0319,1.1537,1.2772,1.4034,1.5283,1.6449,1.7454,1.8245,1.8803,1.9146,1.9316,1.9363,1.9331,1.9243,1.9093,1.8857,1.8507,1.8021,1.7402,1.6667,1.5849,1.4988,1.4125,1.3294,1.2523,1.1835,1.1254,1.08,1.0484,1.032,1.0239,1.022,1.0233,1.0271,1.0351,1.0508,1.0761,1.11,1.1477,1.181,1.201,1.2017,1.1828,1.1504,1.1139,1.0826,1.0613,1.0491,1.0399,1.0258,0.99763,0.95965,0.91418,0.86905,0.83211,0.80788,0.7961,0.79267,0.79198,0.78926,0.78186,0.76931,0.75259,0.73304,0.71166,0.68909,0.66642,0.64616,0.63237,0.62913,0.63815,0.65692,0.67847,0.69326,0.69233,0.67053,0.62864,0.57354,0.51576,0.46514,0.42668,0.39845,0.37312,0.34208,0.30009,0.24801,0.19248,0.14313,0.10811,0.090463,0.08665,0.08822,0.085749,0.072958,0.048787,0.016428,-0.019679,-0.056827,-0.095176,-0.13675,-0.18304,-0.23251,-0.27934,-0.31451,-0.32921,-0.31899,-0.28688,-0.24328,-0.20271,-0.17883,-0.17977,-0.20547,-0.24802,-0.2947,-0.33291,-0.35473,-0.35946,-0.3529,-0.34727,-0.34378,-0.34891,-0.36069,-0.37337,-0.38051,-0.37807,-0.36618,-0.34859,-0.33036,-0.31516,-0.30378,-0.29469,-0.28601,-0.27747,-0.27076,-0.26819,-0.27049,-0.27521,-0.27693,-0.26952,-0.24934,-0.21779,-0.1815,-0.14973,-0.1302,-0.12565,-0.13297,-0.14549,-0.15685,-0.16428,-0.16971,-0.17821,-0.19481,-0.22136,-0.25512,-0.28972,-0.31785,-0.33413,-0.33691,-0.32813,-0.31187,-0.29271,-0.27453,-0.25995,-0.25002,-0.24389,-0.23896,-0.23154,-0.21832,-0.19817,-0.17336,-0.14952,-0.13389,-0.13216,-0.14537,-0.16866,-0.19309,-0.20966,-0.21376,-0.20754,-0.1988,-0.19702,-0.20874,-0.23435,-0.26817,-0.30156,-0.32735,-0.34317,-0.35192
P1,neutralLargeBright,0.0048805,-0.012432,-0.019177,-0.019772,-0.020686,-0.026822,-0.038909,-0.05324,-0.063667,-0.064846,-0.055091,-0.037284,-0.017468,-0.001894,0.005951,0.0068907,0.0055672,0.0082212,0.019929,0.042389,0.072991,0.10552,0.13199,0.14506,0.14018,0.11705,0.079649,0.035073,-0.0087753,-0.045682,-0.072885,-0.091476,-0.1052,-0.11818,-0.13265,-0.14773,-0.1598,-0.16418,-0.1573,-0.13803,-0.10779,-0.069516,-0.026369,0.019068,0.064682,0.10813,0.14614,0.17454,0.18909,0.18678,0.16708,0.13232,0.087278,0.038024,-0.0096003,-0.051233,-0.084559,-0.10913,-0.12566,-0.13502,-0.13737,-0.13182,-0.11692,-0.091758,-0.057384,-0.01737,0.022921,0.058603,0.088179,0.11531,0.14817,0.19645,0.26741,0.36223,0.47535,0.5974,0.72026,0.84177,0.96734,1.1069,1.2686,1.4518,1.6432,1.8182,1.9465,2.0006,1.9626,1.8274,1.6021,1.3045,0.95475,0.57378,0.18086,-0.20632,-0.57106,-0.89754,-1.1715,-1.3817,-1.5235,-1.5928,-1.5972,-1.55,-1.4696,-1.3761,-1.2858,-1.2075,-1.1399,-1.0733,-0.99486,-0.89435,-0.76982,-0.62897,-0.48597,-0.35536,-0.24266,-0.15524,-0.083456,-0.019445,0.041723,0.099932,0.15164,0.19412,0.22934,0.265,0.31166,0.37731,0.46244,0.55882,0.65262,0.73056,0.78557,0.8193,0.84031,0.85931,0.88399,0.91588,0.94754,0.97776,0.99659,1.0003,0.98886,0.96445,0.92972,0.88677,0.83765,0.78538,0.73468,0.69042,0.66038,0.64601,0.64659,0.65828,0.67572,0.69448,0.71291,0.73257,0.75676,0.78823,0.82781,0.87068,0.91195,0.94535,0.96585,0.97104,0.96155,0.94038,0.91167,0.87948,0.84725,0.81768,0.79283,0.77368,0.75944,0.74692,0.73097,0.70594,0.66793,0.61678,0.55693,0.49649,0.44461,0.4079,0.38761,0.37875,0.37197,0.35761,0.33,0.29012,0.24534,0.20661,0.18391,0.18189,0.19753,0.22089,0.23888,0.24059,0.22175,0.18623,0.14423,0.10776,0.085676,0.080209,0.086531,0.095361,0.097381,0.087312,0.065713,0.037682,0.0094809,-0.014826,-0.034917,-0.053311,-0.072952,-0.094838,-0.11969,-0.13987,-0.15547,-0.16725,-0.17924,-0.19362,-0.22028,-0.25472,-0.29096,-0.32071,-0.33715,-0.33819,-0.3273,-0.31199,-0.30046,-0.29836,-0.30713,-0.32428,-0.34534,-0.36626,-0.3848,-0.40048,-0.41338,-0.42296,-0.42774,-0.42585,-0.41607,-0.39865,-0.37546,-0.34956,-0.32439,-0.30302,-0.28769,-0.27958,-0.27878,-0.28417,-0.29348,-0.3035,-0.31096,-0.31376,-0.31234,-0.31001,-0.31205,-0.32347,-0.34673,-0.37997,-0.41701,-0.44897,-0.46747,-0.46777,-0.45075,-0.42275,-0.39331,-0.37214,-0.36399,-0.36967,-0.38452,-0.40117,-0.41242,-0.41392,-0.4053,-0.38945,-0.37052,-0.35177,-0.33438,-0.31798,-0.30211,-0.28798,-0.27882,-0.27888,-0.29106,-0.3146,-0.34415,-0.37119,-0.38736,-0.3884,-0.3767,-0.36077,-0.35176,-0.36359,-0.38661,-0.41964,-0.45035,-0.46613,-0.45982,-0.43298,-0.39518,-0.35972,-0.33782,-0.3341,-0.34546,-0.36383,-0.38103
P1,neutralSmallBright,-0.030885,0.0096846,0.051907,0.093574,0.12994,0.15476,0.16239,0.14976,0.11744,0.069279,0.011298,-0.049801,-0.10763,-0.15651,-0.19165,-0.20957,-0.20923,-0.19303,-0.16693,-0.13891,-0.11621,-0.10217,-0.094596,-0.086772,-0.070718,-0.04142,0.00011444,0.046584,0.087104,0.11181,0.11629,0.10365,0.083144,0.065938,0.060109,0.067104,0.081274,0.092684,0.091739,0.073498,0.040032,-0.00016333,-0.035461,-0.055742,-0.056357,-0.039735,-0.013944,0.010983,0.027123,0.031521,0.026712,0.018842,0.01448,0.017342,0.026388,0.036409,0.040754,0.034997,0.019559,-0.0001024,-0.015622,-0.019377,-0.0080526,0.015493,0.045186,0.065999,0.073803,0.067472,0.052394,0.037415,0.029918,0.031643,0.037497,0.038434,0.027036,0.0031822,-0.023106,-0.03375,-0.0093177,0.062538,0.18089,0.3308,0.48854,0.63033,0.73887,0.81375,0.85902,0.88479,0.89871,0.90197,0.88972,0.85525,0.79518,0.71266,0.61668,0.51826,0.42596,0.34325,0.26878,0.19895,0.13083,0.064025,0.00040104,-0.057645,-0.10902,-0.15478,-0.19728,-0.23857,-0.27913,-0.31786,-0.35342,-0.38555,-0.41562,-0.44578,-0.47658,-0.5093,-0.54094,-0.5687,-0.59035,-0.60496,-0.61272,-0.61388,-0.60745,-0.59071,-0.56003,-0.51275,-0.44876,-0.37081,-0.28334,-0.19051,-0.094769,0.0032826,0.10393,0.20699,0.31097,0.41336,0.51169,0.60489,0.69392,0.78105,0.86801,0.9542,1.0364,1.1099,1.1714,1.22,1.2584,1.2904,1.3192,1.3453,1.3665,1.3798,1.3832,1.3784,1.3704,1.3655,1.3678,1.3771,1.3889,1.3967,1.3965,1.3885,1.3774,1.3697,1.3698,1.3774,1.3876,1.393,1.3808,1.3627,1.3373,1.3074,1.2785,1.2508,1.2208,1.1846,1.1417,1.0957,1.0542,1.0238,1.0071,1.0004,0.99543,0.98369,0.96257,0.93234,0.90209,0.87939,0.86669,0.85941,0.84849,0.82591,0.7898,0.74649,0.70792,0.68584,0.68578,0.7038,0.72831,0.74552,0.74585,0.72763,0.6963,0.6601,0.62518,0.59297,0.56074,0.52466,0.48314,0.43849,0.38807,0.35351,0.33072,0.31936,0.31634,0.31797,0.32159,0.32569,0.32869,0.3278,0.31916,0.29951,0.26821,0.22848,0.18671,0.1499,0.12271,0.10555,0.094872,0.085614,0.074316,0.060799,0.047484,0.036887,0.028988,0.020203,0.0048247,-0.021894,-0.060863,-0.10799,-0.15548,-0.19495,-0.22052,-0.23053,-0.22699,-0.21353,-0.19597,-0.1704,-0.14096,-0.1107,-0.084598,-0.068348,-0.065807,-0.076762,-0.096268,-0.11618,-0.12861,-0.12958,-0.12115,-0.11084,-0.10845,-0.12189,-0.15385,-0.20071,-0.25406,-0.30372,-0.34121,-0.36211,-0.36653,-0.35789,-0.34078,-0.31896,-0.29449,-0.26809,-0.24047,-0.21352,-0.19054,-0.17543,-0.17107,-0.17781,-0.19273,-0.21055,-0.22578,-0.2353,-0.24002,-0.24416,-0.25538,-0.27714,-0.31038,-0.35172,-0.39487,-0.43328,-0.46266,-0.48242,-0.49498,-0.50377,-0.51086,-0.51558,-0.51516,-0.50662,-0.48899,-0.46435,-0.43747,-0.41419,-0.39961,-0.39657,-0.40523
P1,all ,-0.015189,-0.0079419,-0.0022314,-0.00084305,-0.005904,-0.016869,-0.031064,-0.044231,-0.052995,-0.055755,-0.053256,-0.047989,-0.042896,-0.039957,-0.039129,-0.039202,-0.037529,-0.032147,-0.022365,-0.0092788,0.0048683,0.017134,0.026666,0.032309,0.034436,0.033815,0.030887,0.027127,0.022004,0.015462,0.0078195,-0.00015364,-0.006526,-0.0097899,-0.0087671,-0.0033347,0.0053377,0.015006,0.022974,0.026979,0.0261,0.021265,0.015856,0.011682,0.012308,0.018738,0.029319,0.039997,0.04653,0.045266,0.035457,0.019477,0.002545,-0.010512,-0.016728,-0.016459,-0.012954,-0.010408,-0.011348,-0.015942,-0.020761,-0.021612,-0.015699,-0.0029252,0.014435,0.033295,0.054505,0.083099,0.12769,0.1969,0.29461,0.41799,0.55592,0.69397,0.81946,0.92593,1.0144,1.0899,1.1589,1.2204,1.266,1.2818,1.2534,1.1712,1.0352,0.85488,0.64564,0.42328,0.20289,-0.005882,-0.19884,-0.37179,-0.52147,-0.6445,-0.73832,-0.80251,-0.83978,-0.8547,-0.8539,-0.84252,-0.82472,-0.80288,-0.77784,-0.74992,-0.71859,-0.68232,-0.63897,-0.58484,-0.5181,-0.43878,-0.34971,-0.25624,-0.16472,-0.080329,-0.0048553,0.061656,0.12302,0.18296,0.24404,0.30701,0.37118,0.43547,0.4993,0.56285,0.62638,0.68916,0.74851,0.80074,0.84166,0.86895,0.88324,0.88796,0.88789,0.88728,0.8888,0.89079,0.89111,0.88806,0.87996,0.86739,0.85229,0.83668,0.82174,0.80757,0.79395,0.78136,0.77149,0.76675,0.76994,0.78096,0.79883,0.8196,0.84029,0.85893,0.87581,0.89287,0.91197,0.93315,0.95308,0.96905,0.97638,0.97359,0.96269,0.94838,0.93584,0.92817,0.92475,0.92145,0.91194,0.89345,0.86556,0.83099,0.79534,0.76336,0.73741,0.71681,0.69894,0.68125,0.6632,0.64551,0.63072,0.62092,0.61449,0.60861,0.59997,0.58652,0.56688,0.54473,0.52413,0.50832,0.49804,0.49098,0.48387,0.47298,0.45668,0.43575,0.41266,0.39002,0.36869,0.3491,0.329,0.3068,0.28188,0.25522,0.22785,0.20152,0.17708,0.15456,0.13358,0.11387,0.09464,0.078448,0.064705,0.052728,0.041369,0.028962,0.013567,-0.005958,-0.029054,-0.053904,-0.07944,-0.10345,-0.12466,-0.14247,-0.15695,-0.16841,-0.17763,-0.1854,-0.19245,-0.19977,-0.20722,-0.21485,-0.22271,-0.23077,-0.23917,-0.24812,-0.25769,-0.2679,-0.27767,-0.28518,-0.29015,-0.29252,-0.29262,-0.29125,-0.28904,-0.28602,-0.28223,-0.27559,-0.26686,-0.25773,-0.25122,-0.25073,-0.25902,-0.27456,-0.29491,-0.31516,-0.33035,-0.33751,-0.33681,-0.33135,-0.32542,-0.32268,-0.32473,-0.32962,-0.33478,-0.33753,-0.33639,-0.33225,-0.32751,-0.32467,-0.32493,-0.32757,-0.33045,-0.33117,-0.32838,-0.3223,-0.31439,-0.30649,-0.29974,-0.2945,-0.29012,-0.28574,-0.28098,-0.2763,-0.27279,-0.27192,-0.27337,-0.2768,-0.28132,-0.2858,-0.29039,-0.29566,-0.30234,-0.3114,-0.32088,-0.33025,-0.33809,-0.34347,-0.34646,-0.34812,-0.34982,-0.35252,-0.35624,-0.36027,-0.36389,-0.36712,-0.37088
N1,negativeLargeDark ,-0.054846,-0.03922,-0.022405,-0.010893,-0.0096356,-0.020609,-0.042361,-0.070498,-0.099042,-0.12213,-0.13549,-0.13724,-0.12796,-0.11037,-0.088711,-0.06784,-0.05199,-0.04332,-0.040998,-0.041493,-0.040145,-0.035923,-0.02144,-0.0012733,0.020954,0.040801,0.054484,0.059934,0.057055,0.047226,0.032393,0.014697,-0.0032347,-0.017961,-0.025556,-0.022924,-0.0094328,0.012302,0.03713,0.059378,0.075243,0.08433,0.091882,0.097247,0.10566,0.11649,0.12518,0.12545,0.11289,0.087939,0.056276,0.026277,0.0050254,-0.0050891,-0.0072798,-0.0084447,-0.015356,-0.030746,-0.051393,-0.069428,-0.076397,-0.067744,-0.045021,-0.014477,0.017245,0.047916,0.082214,0.13055,0.20477,0.31265,0.45398,0.61978,0.79539,0.96543,1.1178,1.2446,1.3407,1.3995,1.4116,1.3658,1.2529,1.0704,0.82539,0.53487,0.22149,-0.091867,-0.38713,-0.65332,-0.88544,-1.0788,-1.2364,-1.3537,-1.4295,-1.4661,-1.4707,-1.455,-1.4325,-1.4147,-1.4088,-1.4161,-1.4327,-1.4514,-1.4636,-1.4606,-1.4339,-1.3765,-1.2842,-1.1583,-1.0057,-0.83809,-0.66917,-0.51071,-0.36945,-0.24594,-0.13576,-0.032661,0.067893,0.16663,0.26058,0.34502,0.41576,0.47042,0.50833,0.52954,0.53395,0.52102,0.49122,0.44323,0.37992,0.30533,0.22515,0.14554,0.071893,0.0078707,-0.044911,-0.086696,-0.11922,-0.14503,-0.16645,-0.18437,-0.19745,-0.20232,-0.1948,-0.17171,-0.13256,-0.080128,-0.019915,0.041658,0.099531,0.15175,0.19988,0.24767,0.29877,0.35447,0.41288,0.46954,0.51914,0.55731,0.58195,0.59363,0.59507,0.58998,0.58186,0.57308,0.56439,0.55503,0.54302,0.52598,0.50215,0.47174,0.43781,0.4062,0.38379,0.37588,0.38362,0.403,0.42595,0.44329,0.44835,0.4396,0.42095,0.4051,0.38712,0.3759,0.36898,0.36,0.34231,0.31263,0.2728,0.22902,0.18892,0.15827,0.13857,0.12689,0.1176,0.10534,0.087479,0.064947,0.04111,0.019602,0.002381,-0.010836,-0.021776,-0.03216,-0.042533,-0.05191,-0.05832,-0.060017,-0.056604,-0.049485,-0.041422,-0.035379,-0.033411,-0.036252,-0.04379,-0.05576,-0.072023,-0.092308,-0.11566,-0.14011,-0.16288,-0.18118,-0.19306,-0.1983,-0.1985,-0.19633,-0.19398,-0.19181,-0.18797,-0.17955,-0.16453,-0.14369,-0.1211,-0.10302,-0.09552,-0.10187,-0.12087,-0.14688,-0.17187,-0.18871,-0.19413,-0.18995,-0.18186,-0.17654,-0.17851,-0.18832,-0.20254,-0.21574,-0.22329,-0.22366,-0.21906,-0.21409,-0.21312,-0.21806,-0.22768,-0.2389,-0.24922,-0.25854,-0.26944,-0.2855,-0.30886,-0.33811,-0.36789,-0.39059,-0.39942,-0.39167,-0.36974,-0.34022,-0.31141,-0.28978,-0.27769,-0.27316,-0.27145,-0.26738,-0.25744,-0.24085,-0.21921,-0.19534,-0.17195,-0.15078,-0.13279,-0.11874,-0.10984,-0.10771,-0.11381,-0.12836,-0.14981,-0.17475,-0.19837,-0.21551,-0.22207,-0.21633,-0.19968,-0.17642,-0.15272,-0.13507,-0.12864,-0.13597,-0.15628,-0.18558,-0.21771,-0.24641,-0.26755,-0.28055,-0.2885,-0.2967,-0.31041
N1,negativeSmallDark ,-0.12577,-0.099264,-0.071249,-0.049727,-0.038921,-0.037894,-0.041804,-0.044981,-0.044071,-0.039593,-0.035026,-0.034082,-0.038017,-0.044499,-0.048733,-0.046257,-0.035799,-0.020476,-0.0065523,-0.00030902,-0.0047317,-0.017778,-0.03331,-0.044234,-0.046056,-0.039022,-0.0278,-0.018896,-0.017303,-0.024057,-0.035797,-0.04634,-0.049342,-0.040711,-0.019753,0.011102,0.047377,0.083752,0.11499,0.13657,0.1454,0.1407,0.12471,0.10247,0.080481,0.064626,0.057914,0.059389,0.064673,0.068152,0.065846,0.057416,0.046239,0.037415,0.034824,0.038968,0.04668,0.052754,0.052583,0.044493,0.030578,0.015754,0.0056135,0.0041934,0.012699,0.029884,0.053662,0.082911,0.11846,0.16293,0.21955,0.29076,0.37723,0.47755,0.58847,0.70532,0.82209,0.93115,1.0229,1.0856,1.1066,1.0744,0.98181,0.82881,0.62374,0.38251,0.12571,-0.12561,-0.35417,-0.54942,-0.70835,-0.83405,-0.93275,-1.0107,-1.0721,-1.1193,-1.1541,-1.1792,-1.1997,-1.2222,-1.2528,-1.2939,-1.3434,-1.3918,-1.426,-1.4325,-1.402,-1.3323,-1.2283,-1.0999,-0.95781,-0.81054,-0.66197,-0.51197,-0.35862,-0.20088,-0.040547,0.11773,0.26796,0.40507,0.52636,0.63158,0.72186,0.79826,0.86099,0.90943,0.94297,0.96203,0.96848,0.96523,0.95499,0.93899,0.91653,0.88569,0.84499,0.79501,0.7389,0.68162,0.62823,0.58195,0.54313,0.50946,0.47755,0.44489,0.41154,0.38058,0.35698,0.34574,0.34994,0.36986,0.40554,0.44747,0.49443,0.54351,0.59078,0.6382,0.682,0.72004,0.7506,0.77343,0.79033,0.80473,0.82013,0.8383,0.85815,0.87614,0.88793,0.8905,0.88336,0.86851,0.84903,0.82703,0.80243,0.77332,0.7378,0.6965,0.65406,0.61847,0.60038,0.60141,0.62345,0.66038,0.70464,0.7404,0.76335,0.77149,0.76724,0.75496,0.73818,0.71782,0.69253,0.66066,0.62242,0.5809,0.54119,0.50823,0.48445,0.46866,0.45696,0.44485,0.42979,0.41239,0.39588,0.38376,0.37717,0.3733,0.36613,0.34911,0.31861,0.27622,0.22875,0.18569,0.15531,0.14101,0.13975,0.14327,0.14175,0.12817,0.10144,0.066613,0.032253,0.0064212,-0.0067302,-0.0082626,-0.0031892,0.0024326,0.0046105,0.0029692,-1.2282e-05,-0.0014884,-0.00095678,-0.0012709,-0.007179,-0.022266,-0.046105,-0.073361,-0.095579,-0.10481,-0.097329,-0.075569,-0.047281,-0.022205,-0.0078839,-0.0066644,-0.015409,-0.027854,-0.038152,-0.043766,-0.046312,-0.050205,-0.060124,-0.07858,-0.10855,-0.13808,-0.16686,-0.19103,-0.20856,-0.21926,-0.22401,-0.22374,-0.21905,-0.21037,-0.19853,-0.18508,-0.17195,-0.16075,-0.152,-0.14502,-0.13852,-0.13169,-0.12523,-0.12174,-0.12494,-0.13786,-0.1608,-0.19022,-0.2195,-0.24154,-0.25178,-0.25022,-0.24109,-0.23044,-0.22269,-0.21817,-0.21284,-0.2007,-0.17764,-0.14475,-0.10913,-0.080036,-0.066702,-0.071631,-0.089443,-0.10914,-0.11927,-0.11356,-0.093985,-0.069944,-0.053776,-0.054959,-0.075631,-0.10963,-0.14559,-0.17233,-0.18394,-0.18211,-0.17444
N1,negativeLargeBright ,0.0045766,-0.005555,-0.016667,-0.032933,-0.055844,-0.082644,-0.10699,-0.12166,-0.12188,-0.10756,-0.083403,-0.056746,-0.034578,-0.02106,-0.016566,-0.01829,-0.021788,-0.026265,-0.022868,-0.01361,0.00042711,0.01678,0.032339,0.043976,0.049273,0.047253,0.038984,0.027477,0.016642,0.0098529,0.0086916,0.012412,0.018358,0.023002,0.023278,0.01774,0.0071407,-0.0057429,-0.017062,-0.023085,-0.021075,-0.0098334,0.010012,0.035806,0.063002,0.086079,0.10019,0.103,0.095681,0.082526,0.069214,0.059488,0.057717,0.060367,0.062443,0.058764,0.047042,0.029688,0.013277,0.0056811,0.012413,0.033861,0.064745,0.095947,0.11786,0.12415,0.11422,0.093485,0.071027,0.055786,0.053017,0.062773,0.080915,0.10217,0.12365,0.1472,0.17954,0.22676,0.30226,0.40383,0.5239,0.64799,0.75882,0.84289,0.89275,0.90828,0.89431,0.85642,0.79706,0.71392,0.60131,0.45404,0.27179,0.06188,-0.16104,-0.37834,-0.57206,-0.72922,-0.84423,-0.9193,-0.96293,-0.98718,-1.0045,-1.0249,-1.0539,-1.0918,-1.1334,-1.1702,-1.1897,-1.1826,-1.1426,-1.0691,-0.96734,-0.84722,-0.72098,-0.60042,-0.49442,-0.40712,-0.33718,-0.27846,-0.22209,-0.15941,-0.084989,0.0013704,0.094237,0.1841,0.26047,0.31554,0.34679,0.35743,0.35439,0.34479,0.33287,0.31875,0.29949,0.27156,0.23351,0.18727,0.13782,0.091253,0.052419,0.023417,0.0038235,-0.0077879,-0.012135,-0.0086486,0.0036521,0.024624,0.052011,0.081885,0.11034,0.1355,0.15889,0.18511,0.21967,0.26599,0.32307,0.38532,0.43778,0.48712,0.52386,0.55004,0.57122,0.59336,0.61956,0.64816,0.67295,0.68554,0.67894,0.65069,0.60434,0.54841,0.49365,0.44958,0.42173,0.41039,0.41109,0.41675,0.42038,0.41737,0.40647,0.38912,0.36783,0.34485,0.32168,0.29964,0.28066,0.26746,0.26274,0.26758,0.27989,0.29087,0.29921,0.29584,0.27869,0.25126,0.22126,0.19688,0.18272,0.17754,0.17521,0.16811,0.1513,0.12509,0.094846,0.068259,0.051376,0.045626,0.047512,0.051001,0.051075,0.04624,0.038527,0.031238,0.026211,0.022375,0.017989,0.006191,-0.012085,-0.034316,-0.055547,-0.071009,-0.078997,-0.082191,-0.086238,-0.096335,-0.11381,-0.13472,-0.15161,-0.15972,-0.15131,-0.13115,-0.10715,-0.089048,-0.084011,-0.093201,-0.11116,-0.12849,-0.13665,-0.13218,-0.11993,-0.10545,-0.09949,-0.10809,-0.13088,-0.16089,-0.18978,-0.20286,-0.19845,-0.18041,-0.15912,-0.14697,-0.15285,-0.17815,-0.21582,-0.25299,-0.27595,-0.27599,-0.25327,-0.21711,-0.18224,-0.16254,-0.16735,-0.19027,-0.22365,-0.25479,-0.27418,-0.2801,-0.27705,-0.27513,-0.28175,-0.29785,-0.31678,-0.32755,-0.32088,-0.29444,-0.2546,-0.21363,-0.18406,-0.17301,-0.17935,-0.19489,-0.20889,-0.21349,-0.20727,-0.1953,-0.18569,-0.18512,-0.19572,-0.21494,-0.23765,-0.25878,-0.2749,-0.28434,-0.2864,-0.2809,-0.26824,-0.25024,-0.23088,-0.21591,-0.21098,-0.21887,-0.23746,-0.26005,-0.27837,-0.28662,-0.28397
N1,negativeSmallBright ,0.055128,0.076501,0.080522,0.065544,0.037473,0.0066893,-0.017013,-0.028639,-0.029345,-0.024384,-0.019266,-0.016449,-0.014361,-0.0090129,0.0029823,0.02169,0.043197,0.061428,0.071406,0.071963,0.066241,0.059837,0.057535,0.060487,0.065528,0.06682,0.056607,0.037192,0.0098938,-0.018092,-0.038624,-0.046215,-0.040426,-0.025869,-0.010035,1.7376e-05,0.00041758,-0.0084819,-0.023055,-0.038603,-0.051554,-0.060629,-0.06652,-0.070455,-0.07278,-0.072529,-0.068371,-0.060335,-0.051025,-0.045228,-0.047805,-0.060886,-0.081903,-0.10377,-0.11746,-0.11601,-0.097961,-0.068593,-0.038047,-0.017051,-0.012319,-0.023895,-0.04556,-0.067981,-0.082782,-0.085455,-0.076087,-0.058015,-0.035607,-0.012522,0.0088393,0.026811,0.039774,0.046333,0.046499,0.043106,0.042132,0.051024,0.075501,0.11636,0.16826,0.22141,0.26568,0.29518,0.31116,0.32143,0.33649,0.35955,0.39955,0.44346,0.47686,0.48532,0.46034,0.40272,0.322,0.23266,0.14861,0.078527,0.023658,-0.021055,-0.06357,-0.11059,-0.16448,-0.22238,-0.27746,-0.32153,-0.34788,-0.35328,-0.33884,-0.30957,-0.27277,-0.23618,-0.20633,-0.18764,-0.18223,-0.19019,-0.20985,-0.23803,-0.27015,-0.30058,-0.32321,-0.33254,-0.32503,-0.30046,-0.26231,-0.217,-0.17174,-0.13186,-0.098739,-0.069433,-0.038302,6.6614e-05,0.048045,0.10366,0.16475,0.21899,0.26601,0.30658,0.34516,0.38708,0.43492,0.48628,0.53432,0.57111,0.59199,0.59879,0.59964,0.60574,0.62618,0.66363,0.71289,0.76307,0.8024,0.82332,0.82537,0.81435,0.79871,0.78524,0.77648,0.77103,0.76606,0.7603,0.75558,0.75614,0.76598,0.78608,0.81289,0.83937,0.85807,0.86461,0.8595,0.8473,0.8339,0.82344,0.81665,0.81135,0.80446,0.79432,0.78179,0.7697,0.76077,0.75541,0.75101,0.74333,0.72939,0.70984,0.68951,0.67389,0.67144,0.68226,0.70243,0.7244,0.74017,0.74472,0.7377,0.72261,0.70411,0.68506,0.66531,0.64302,0.61726,0.59008,0.56647,0.55192,0.54905,0.55522,0.56287,0.56266,0.54815,0.51935,0.48303,0.44938,0.42666,0.41693,0.41524,0.41272,0.4017,0.37993,0.35177,0.32555,0.30881,0.3041,0.30753,0.31093,0.30643,0.29063,0.26599,0.23887,0.21568,0.19953,0.18838,0.17942,0.1684,0.15428,0.13952,0.12845,0.12426,0.12642,0.12737,0.12703,0.1168,0.095597,0.067049,0.037774,0.014543,0.0015444,-0.0011042,0.0029234,0.0078977,0.0084614,0.0015121,-0.013266,-0.033924,-0.057184,-0.079125,-0.095632,-0.10291,-0.098286,-0.081121,-0.053226,-0.018675,0.017138,0.048862,0.072473,0.086217,0.090931,0.08929,0.084371,0.078309,0.071731,0.064143,0.054878,0.04388,0.032013,0.020968,0.012942,0.01005,0.013355,0.022546,0.034567,0.045767,0.052806,0.053843,0.049123,0.040751,0.030321,0.023201,0.020727,0.022441,0.025295,0.025015,0.018066,0.0031752,-0.018248,-0.042985,-0.067358,-0.088432,-0.10474,-0.11644,-0.12498,-0.13215,-0.13894,-0.14513,-0.14952,-0.15071,-0.14783,-0.14082
N1,neutralLargeDark,-0.10194,-0.089566,-0.083065,-0.082115,-0.089334,-0.10339,-0.11818,-0.13304,-0.13933,-0.13307,-0.11404,-0.086263,-0.056869,-0.033352,-0.020385,-0.017803,-0.020816,-0.02261,-0.018007,-0.0061777,0.0089908,0.021135,0.024883,0.01871,0.0057716,-0.0081517,-0.016044,-0.014403,-0.0032567,0.014462,0.03482,0.053288,0.071205,0.08665,0.098591,0.10517,0.10454,0.096382,0.083111,0.069549,0.061039,0.060808,0.06811,0.078189,0.084389,0.081443,0.068182,0.04833,0.028907,0.017117,0.017435,0.030211,0.05233,0.079249,0.10704,0.13345,0.15767,0.17918,0.19585,0.20746,0.21052,0.20355,0.18725,0.16506,0.14299,0.12888,0.13137,0.15855,0.21644,0.30768,0.43071,0.58038,0.74806,0.92393,1.098,1.2605,1.4006,1.5053,1.5586,1.5442,1.4493,1.2708,1.0176,0.711,0.37892,0.047836,-0.25883,-0.53237,-0.77182,-0.98045,-1.16,-1.3076,-1.4165,-1.481,-1.5017,-1.4886,-1.4589,-1.4313,-1.4228,-1.439,-1.4743,-1.5149,-1.544,-1.5472,-1.5161,-1.4485,-1.3498,-1.2193,-1.0667,-0.90032,-0.72977,-0.56501,-0.41474,-0.28417,-0.17356,-0.078211,0.0096527,0.097533,0.1893,0.28348,0.37405,0.45342,0.51602,0.56045,0.58919,0.60604,0.61291,0.60758,0.58397,0.53478,0.45583,0.34965,0.22665,0.10274,-0.0056858,-0.086939,-0.13724,-0.16038,-0.16435,-0.15693,-0.14238,-0.12059,-0.088951,-0.045491,0.0084936,0.06811,0.12704,0.18077,0.22877,0.27425,0.32142,0.37231,0.42504,0.47458,0.51552,0.54518,0.56514,0.58024,0.59536,0.612,0.62694,0.63419,0.62914,0.61245,0.59102,0.5752,0.57355,0.58812,0.61282,0.636,0.64583,0.636,0.60917,0.57338,0.54017,0.51745,0.506,0.49986,0.49001,0.46925,0.4357,0.39348,0.35034,0.31401,0.28889,0.2793,0.27223,0.26761,0.26173,0.25354,0.24438,0.23659,0.23175,0.22961,0.22787,0.22304,0.21183,0.19263,0.16499,0.13521,0.10507,0.078154,0.055734,0.04064,0.023028,0.0051944,-0.013323,-0.031425,-0.047254,-0.059718,-0.069679,-0.079801,-0.093042,-0.11258,-0.1317,-0.14812,-0.15633,-0.15284,-0.1383,-0.11778,-0.098835,-0.088104,-0.088431,-0.097941,-0.11229,-0.12503,-0.13443,-0.14145,-0.1492,-0.16039,-0.17535,-0.19153,-0.20484,-0.21193,-0.21213,-0.20783,-0.20313,-0.20152,-0.20408,-0.20922,-0.21391,-0.21525,-0.21169,-0.2032,-0.19057,-0.17474,-0.15641,-0.13625,-0.11547,-0.096181,-0.08113,-0.072838,-0.073464,-0.081368,-0.095709,-0.11509,-0.13884,-0.16674,-0.19786,-0.23035,-0.25832,-0.27738,-0.28421,-0.27904,-0.26628,-0.25303,-0.24598,-0.24824,-0.25761,-0.26747,-0.26984,-0.2594,-0.23632,-0.20648,-0.17899,-0.16193,-0.15868,-0.16632,-0.17708,-0.18199,-0.17505,-0.15594,-0.12989,-0.105,-0.088275,-0.082536,-0.085526,-0.091716,-0.095723,-0.095252,-0.092061,-0.090578,-0.094911,-0.10608,-0.12105,-0.13409,-0.1398,-0.1362,-0.12585,-0.1145,-0.10781,-0.10824,-0.11366,-0.11877,-0.11805,-0.10895,-0.093409
N1,neutralSmallDark,0.069877,0.057999,0.037004,0.009355,-0.019279,-0.042083,-0.053867,-0.053042,-0.041927,-0.025302,-0.008182,0.0059631,0.015777,0.021469,0.023251,0.022788,0.019515,0.013692,0.0062476,-0.0010639,-0.0062182,-0.0077303,-0.0052881,0.00024877,0.007381,0.014514,0.020179,0.022858,0.020918,0.01304,-0.0009041,-0.018927,-0.036618,-0.048058,-0.047835,-0.033469,-0.0070656,0.024751,0.052883,0.069032,0.068778,0.05299,0.03014,0.000807,-0.023745,-0.038965,-0.043981,-0.042113,-0.036029,-0.030611,-0.029159,-0.032737,-0.039808,-0.046658,-0.048601,-0.041773,-0.025089,-0.0014464,0.022107,0.038054,0.04004,0.026237,0.00027495,-0.028576,-0.051703,-0.060902,-0.05163,-0.023444,0.021247,0.079237,0.14708,0.22663,0.31725,0.41988,0.53447,0.65921,0.78979,0.91858,1.0339,1.1199,1.159,1.1351,1.0388,0.87093,0.64437,0.38105,0.10657,-0.15635,-0.39272,-0.59646,-0.76814,-0.91093,-1.0272,-1.1179,-1.1835,-1.2274,-1.2563,-1.2796,-1.3058,-1.3391,-1.3776,-1.4143,-1.4405,-1.4499,-1.4411,-1.4163,-1.3788,-1.3296,-1.2648,-1.1775,-1.0606,-0.91106,-0.73295,-0.53698,-0.33748,-0.14778,0.023913,0.17612,0.31311,0.44178,0.56791,0.69325,0.81459,0.9249,1.0161,1.0822,1.1216,1.1375,1.1365,1.126,1.1113,1.0945,1.0739,1.0461,1.0083,0.96084,0.9079,0.85406,0.80489,0.76226,0.72442,0.68749,0.64825,0.60662,0.56651,0.53452,0.51693,0.51663,0.53462,0.55882,0.58482,0.60838,0.62987,0.65352,0.68522,0.72757,0.7797,0.83611,0.88888,0.93054,0.95671,0.96739,0.96608,0.95767,0.94611,0.93306,0.91784,0.8984,0.87264,0.8355,0.79601,0.75451,0.71623,0.6866,0.66948,0.66564,0.67231,0.68392,0.69366,0.69553,0.68621,0.66599,0.63831,0.60802,0.57938,0.55487,0.53537,0.52109,0.51234,0.50945,0.51197,0.51773,0.5226,0.52127,0.50893,0.48347,0.44699,0.4055,0.36662,0.3361,0.31521,0.30039,0.2854,0.26466,0.23597,0.20149,0.16667,0.13757,0.11796,0.10765,0.10265,0.097361,0.087254,0.070582,0.048261,0.022344,-0.0056759,-0.035522,-0.067583,-0.10156,-0.13511,-0.16336,-0.18003,-0.17992,-0.1618,-0.1302,-0.094862,-0.06772,-0.058697,-0.072101,-0.10504,-0.14849,-0.19063,-0.22113,-0.2347,-0.23246,-0.22066,-0.21121,-0.20322,-0.20323,-0.20991,-0.21925,-0.2267,-0.22907,-0.22542,-0.21668,-0.20465,-0.19111,-0.17733,-0.16435,-0.15333,-0.14571,-0.14261,-0.14402,-0.14832,-0.15249,-0.15319,-0.14812,-0.13698,-0.12161,-0.10511,-0.090597,-0.080135,-0.074392,-0.073165,-0.076181,-0.083586,-0.095709,-0.11225,-0.13165,-0.15104,-0.16724,-0.17809,-0.18347,-0.18539,-0.18687,-0.19033,-0.19624,-0.20284,-0.20717,-0.20689,-0.2015,-0.19256,-0.18249,-0.17297,-0.16398,-0.15401,-0.14142,-0.12615,-0.11061,-0.098965,-0.095056,-0.099955,-0.11079,-0.12179,-0.12708,-0.12398,-0.11485,-0.10624,-0.10583,-0.11857,-0.144,-0.17635,-0.20719,-0.22936,-0.24018,-0.24212
N1,neutralLargeBright,-0.026911,-0.03296,-0.032546,-0.030697,-0.031652,-0.036328,-0.041912,-0.043668,-0.037807,-0.023822,-0.0050418,0.0129,0.024753,0.028076,0.024135,0.016934,0.011207,0.010377,0.015553,0.02566,0.038325,0.050822,0.060575,0.065227,0.062802,0.052175,0.03389,0.010744,-0.012646,-0.031274,-0.041716,-0.043689,-0.040224,-0.036276,-0.036385,-0.042626,-0.053821,-0.066215,-0.0753,-0.077637,-0.07172,-0.057786,-0.036966,-0.010671,0.019318,0.050241,0.078007,0.097799,0.10562,0.10004,0.08311,0.059823,0.036089,0.016271,0.0014121,-0.01077,-0.024053,-0.040961,-0.060655,-0.078706,-0.088927,-0.086335,-0.069704,-0.04257,-0.012164,0.013288,0.027684,0.029471,0.022486,0.014697,0.016452,0.033274,0.070015,0.12592,0.19641,0.27518,0.35658,0.43754,0.51818,0.60073,0.68718,0.77653,0.86328,0.93779,0.98851,1.005,0.98108,0.91568,0.81192,0.67866,0.52275,0.3494,0.16136,-0.039473,-0.24957,-0.46171,-0.66465,-0.84495,-0.99117,-1.0945,-1.1552,-1.1812,-1.186,-1.1839,-1.1851,-1.1926,-1.2014,-1.2015,-1.1818,-1.1349,-1.0594,-0.96031,-0.84663,-0.72806,-0.60985,-0.49934,-0.39498,-0.29615,-0.20273,-0.11566,-0.036577,0.033225,0.093672,0.14617,0.19307,0.2366,0.27775,0.31595,0.34953,0.37661,0.39585,0.40671,0.4094,0.40484,0.39491,0.3823,0.36948,0.35987,0.35331,0.34812,0.34088,0.32775,0.3063,0.2773,0.24527,0.21754,0.20182,0.20051,0.22098,0.25679,0.30227,0.35168,0.40116,0.4496,0.49827,0.54934,0.6041,0.6618,0.72057,0.77349,0.81721,0.84849,0.86578,0.86916,0.86005,0.84088,0.81476,0.78511,0.75554,0.72951,0.70975,0.6974,0.69101,0.68615,0.67631,0.65495,0.6182,0.5669,0.50727,0.4494,0.40399,0.37828,0.3729,0.38106,0.39091,0.39025,0.37152,0.33494,0.28825,0.24368,0.21301,0.20303,0.21317,0.23603,0.26063,0.27684,0.27897,0.2671,0.24582,0.22162,0.20001,0.18373,0.17235,0.16326,0.15342,0.14099,0.12615,0.11077,0.097281,0.087508,0.082074,0.080488,0.0816,0.08404,0.084649,0.085487,0.083951,0.078953,0.069458,0.056363,0.037622,0.016335,-0.0046913,-0.022484,-0.034835,-0.040991,-0.041778,-0.039235,-0.036025,-0.03476,-0.037457,-0.045187,-0.057939,-0.074792,-0.094048,-0.11327,-0.12943,-0.13937,-0.14057,-0.1321,-0.11499,-0.092206,-0.067867,-0.046311,-0.031024,-0.023825,-0.024507,-0.03107,-0.040375,-0.048926,-0.053675,-0.052657,-0.045482,-0.03379,-0.021426,-0.013847,-0.016706,-0.033865,-0.065638,-0.10793,-0.15286,-0.19095,-0.21417,-0.21888,-0.20728,-0.18662,-0.16635,-0.15489,-0.15529,-0.16544,-0.17908,-0.18875,-0.18906,-0.17888,-0.1615,-0.14265,-0.12769,-0.11933,-0.11689,-0.11747,-0.11813,-0.11763,-0.11702,-0.11855,-0.12391,-0.13259,-0.1416,-0.14668,-0.14456,-0.13501,-0.12153,-0.11027,-0.10741,-0.11941,-0.13884,-0.1636,-0.18611,-0.19947,-0.20003,-0.18846,-0.16932,-0.1491,-0.13395,-0.12767,-0.13082,-0.14131,-0.15567
N1,neutralSmallBright,0.013342,0.026215,0.035601,0.044753,0.055575,0.067282,0.076415,0.078236,0.068876,0.047183,0.01548,-0.020965,-0.055479,-0.081737,-0.095128,-0.093674,-0.078452,-0.053569,-0.025563,-0.0019187,0.011065,0.010554,-0.0013466,-0.017957,-0.030362,-0.031059,-0.01736,0.007103,0.033653,0.05232,0.056473,0.045998,0.027351,0.010328,0.0030913,0.0080005,0.020286,0.030389,0.02882,0.011009,-0.020064,-0.054756,-0.080812,-0.088721,-0.075813,-0.047182,-0.01317,0.015191,0.030546,0.031553,0.022401,0.01019,0.0015989,0.00017116,0.0052682,0.012981,0.018324,0.017772,0.010949,0.00079785,-0.0075245,-0.0087252,0.00026852,0.01857,0.042861,0.061503,0.070044,0.065753,0.051676,0.035582,0.026418,0.029967,0.045875,0.067866,0.087218,0.097892,0.10057,0.10314,0.11683,0.14984,0.202,0.26361,0.31968,0.35734,0.37188,0.37253,0.37245,0.38572,0.41824,0.46395,0.50696,0.52878,0.51664,0.46882,0.39427,0.30735,0.22101,0.142,0.070308,0.0021967,-0.06548,-0.13239,-0.19473,-0.24763,-0.28798,-0.31607,-0.33482,-0.34762,-0.35622,-0.36031,-0.35886,-0.35219,-0.34305,-0.33585,-0.33234,-0.33841,-0.35051,-0.36502,-0.37811,-0.3875,-0.39318,-0.3965,-0.39842,-0.39801,-0.39221,-0.37707,-0.34962,-0.30919,-0.25743,-0.19738,-0.1323,-0.065004,0.002235,0.06767,0.13023,0.18975,0.24714,0.30415,0.36255,0.42302,0.48407,0.54205,0.59248,0.63218,0.66087,0.68135,0.69771,0.71284,0.72674,0.73674,0.73957,0.73397,0.72236,0.71037,0.70439,0.70843,0.72177,0.73924,0.75416,0.76238,0.76512,0.76865,0.78083,0.8064,0.84363,0.88426,0.91678,0.9314,0.91851,0.89416,0.86365,0.83448,0.81439,0.80354,0.79722,0.78982,0.77871,0.76579,0.75596,0.75359,0.7592,0.76833,0.77331,0.76738,0.74974,0.72315,0.69755,0.68158,0.67871,0.6851,0.69149,0.68803,0.66954,0.6384,0.60369,0.57698,0.56676,0.57435,0.59331,0.6127,0.62236,0.61733,0.59912,0.57375,0.54784,0.52523,0.50559,0.48559,0.46157,0.43235,0.39456,0.3648,0.34343,0.33339,0.33385,0.34093,0.34953,0.35539,0.35622,0.3518,0.3432,0.33176,0.31834,0.30319,0.28637,0.26825,0.24974,0.2322,0.21693,0.2048,0.19609,0.19058,0.18741,0.18502,0.18115,0.17324,0.15912,0.13795,0.11087,0.081107,0.053466,0.032937,0.023132,0.025072,0.036963,0.055113,0.07244,0.092624,0.1113,0.12805,0.14275,0.15491,0.16361,0.16785,0.16734,0.16311,0.15744,0.15296,0.15105,0.15059,0.14783,0.13757,0.11531,0.079353,0.03219,-0.019761,-0.06791,-0.10408,-0.12286,-0.12273,-0.10571,-0.075926,-0.038145,0.0031017,0.043536,0.078908,0.10512,0.11896,0.11937,0.1085,0.091802,0.076429,0.068532,0.070435,0.079149,0.087388,0.08566,0.068895,0.036678,-0.005454,-0.048122,-0.081868,-0.10094,-0.10535,-0.1003,-0.093307,-0.090563,-0.094106,-0.10137,-0.10702,-0.10599,-0.095946,-0.078323,-0.057521,-0.038954,-0.026919,-0.023287
N1,all ,-0.020952,-0.013404,-0.0092467,-0.010911,-0.018934,-0.031026,-0.043059,-0.05197,-0.055345,-0.053339,-0.047852,-0.041328,-0.035572,-0.031086,-0.027242,-0.022741,-0.016886,-0.010178,-0.0027379,0.0039448,0.0090077,0.011924,0.01388,0.015211,0.016424,0.017418,0.017394,0.016093,0.01279,0.0076761,0.0017112,-0.0037621,-0.0067307,-0.0061466,-0.0017424,0.0056067,0.014059,0.021391,0.025753,0.026344,0.023779,0.019928,0.017926,0.018346,0.022719,0.030055,0.037893,0.043128,0.043636,0.038675,0.02948,0.018641,0.0096616,0.0047488,0.0046083,0.0081118,0.012904,0.016523,0.017308,0.015657,0.012904,0.011102,0.011905,0.016068,0.023261,0.032365,0.043963,0.060011,0.083989,0.11974,0.16977,0.23406,0.30957,0.39139,0.47435,0.5545,0.6295,0.69725,0.75573,0.79915,0.81954,0.80837,0.7596,0.67288,0.55441,0.41593,0.2712,0.13094,0.0024303,-0.11362,-0.22118,-0.3242,-0.42512,-0.52338,-0.61601,-0.69952,-0.77184,-0.83304,-0.88559,-0.93197,-0.974,-1.0117,-1.0437,-1.0671,-1.0787,-1.0754,-1.055,-1.0148,-0.95474,-0.87607,-0.78199,-0.67744,-0.56829,-0.46016,-0.35676,-0.26138,-0.174,-0.093931,-0.020025,0.048832,0.11342,0.17412,0.23086,0.28306,0.32957,0.36873,0.39885,0.41832,0.42691,0.42564,0.41671,0.40275,0.38599,0.36786,0.34957,0.33099,0.31353,0.29858,0.28759,0.28141,0.27982,0.28148,0.28465,0.28818,0.29232,0.29889,0.31043,0.32858,0.35491,0.38681,0.42219,0.45759,0.49171,0.52446,0.55674,0.59015,0.62461,0.65859,0.68864,0.71332,0.73049,0.74081,0.74672,0.75131,0.75669,0.76297,0.76806,0.76858,0.76072,0.74427,0.72118,0.69439,0.66857,0.64695,0.63075,0.61886,0.60891,0.5986,0.5871,0.57436,0.56201,0.55196,0.54313,0.53426,0.52383,0.51075,0.49415,0.47635,0.46037,0.44821,0.44029,0.43471,0.42946,0.42147,0.40927,0.39318,0.37494,0.35664,0.33941,0.32371,0.30835,0.29237,0.27547,0.25871,0.2421,0.2269,0.21303,0.1996,0.18552,0.1702,0.15341,0.13804,0.12515,0.11533,0.10832,0.10221,0.094515,0.083012,0.067774,0.050507,0.033407,0.019089,0.0089397,0.002803,-0.00084908,-0.0038062,-0.0076885,-0.012998,-0.019254,-0.025837,-0.031619,-0.036735,-0.041932,-0.048174,-0.056082,-0.065447,-0.075145,-0.083976,-0.089889,-0.092006,-0.09155,-0.0897,-0.088342,-0.088561,-0.090285,-0.092305,-0.093548,-0.091195,-0.085823,-0.07895,-0.073267,-0.071589,-0.076214,-0.085788,-0.098957,-0.11271,-0.12419,-0.13175,-0.13546,-0.1369,-0.13792,-0.1401,-0.14416,-0.14887,-0.15339,-0.15684,-0.159,-0.1605,-0.16192,-0.1637,-0.16536,-0.1657,-0.16344,-0.15794,-0.14973,-0.14034,-0.13155,-0.12471,-0.12006,-0.11701,-0.11442,-0.11138,-0.10766,-0.10373,-0.10049,-0.09883,-0.098737,-0.099826,-0.1017,-0.10424,-0.10799,-0.11346,-0.12058,-0.12871,-0.13533,-0.13924,-0.13984,-0.13813,-0.13642,-0.13734,-0.14253,-0.15166,-0.16244,-0.17174,-0.17719,-0.17851,-0.17759
EPN,negativeLargeDark ,0.058702,0.059364,0.059977,0.058465,0.05265,0.040779,0.022591,0.00036351,-0.020936,-0.034871,-0.03594,-0.022247,0.0029559,0.031832,0.054742,0.063975,0.056648,0.035563,0.0076811,-0.018839,-0.037571,-0.050763,-0.048312,-0.03876,-0.02588,-0.01311,-0.0032394,0.0015619,-0.00017654,-0.0087673,-0.022741,-0.038668,-0.051888,-0.058083,-0.055004,-0.043509,-0.027348,-0.011756,-0.0014115,0.0013497,-0.002661,-0.0099631,-0.012506,-0.013544,-0.007712,0.0038101,0.017083,0.026791,0.028595,0.021545,0.0091812,-0.0016874,-0.0044747,0.00291,0.01545,0.022029,0.010462,-0.025453,-0.080597,-0.13846,-0.17753,-0.18178,-0.14959,-0.096073,-0.046203,-0.021704,-0.028156,-0.049505,-0.053673,-0.007116,0.10857,0.28642,0.49565,0.69393,0.84414,0.92709,0.94447,0.9118,0.84669,0.75945,0.65108,0.51861,0.36326,0.19543,0.033086,-0.10559,-0.21065,-0.28446,-0.33856,-0.38193,-0.42661,-0.46261,-0.4749,-0.44856,-0.37728,-0.26729,-0.13466,0.0020812,0.1297,0.24409,0.34872,0.4492,0.54791,0.64189,0.72494,0.7921,0.84353,0.88515,0.92579,0.97231,1.0256,1.0799,1.1256,1.1551,1.167,1.1685,1.1724,1.1927,1.2388,1.3117,1.4032,1.4992,1.5836,1.6441,1.6746,1.6764,1.6541,1.6182,1.5746,1.528,1.4809,1.4337,1.386,1.3373,1.2874,1.2361,1.183,1.1281,1.0719,1.0159,0.96234,0.91359,0.87127,0.83602,0.80773,0.78608,0.77086,0.76191,0.75879,0.76023,0.76394,0.76689,0.76626,0.76054,0.75019,0.73725,0.7241,0.71202,0.70083,0.68959,0.67801,0.66762,0.66202,0.66575,0.68227,0.71175,0.74995,0.78902,0.82019,0.8374,0.83999,0.83299,0.82495,0.8242,0.83522,0.85668,0.88196,0.9021,0.90977,0.90245,0.88343,0.86536,0.84448,0.83133,0.82581,0.82356,0.81856,0.80612,0.78486,0.75692,0.72657,0.69795,0.67331,0.65254,0.63426,0.61741,0.60233,0.59069,0.5843,0.58369,0.58728,0.59163,0.59277,0.5877,0.57552,0.55787,0.53824,0.52055,0.50743,0.49913,0.49325,0.4856,0.47156,0.44781,0.41362,0.37157,0.32699,0.28644,0.25551,0.23698,0.23023,0.23186,0.23729,0.24247,0.24505,0.2447,0.24279,0.24159,0.24351,0.25059,0.2643,0.285,0.31117,0.33872,0.36122,0.37166,0.36527,0.34225,0.30875,0.27523,0.25258,0.24746,0.25915,0.27966,0.29729,0.30215,0.29095,0.26842,0.2446,0.22954,0.22826,0.23854,0.25251,0.2611,0.25872,0.24583,0.22822,0.21337,0.20641,0.20778,0.21362,0.21863,0.21909,0.21469,0.20796,0.20187,0.19947,0.20052,0.20365,0.20743,0.21155,0.21685,0.2242,0.23322,0.24168,0.2463,0.2445,0.23604,0.22351,0.21125,0.20345,0.20237,0.20764,0.21679,0.22662,0.23431,0.23788,0.236,0.2278,0.21296,0.19251,0.16947,0.14865,0.13524,0.13242,0.13939,0.1509,0.15902,0.15649,0.14014,0.11265,0.081535,0.055842,0.04218,0.04212,0.052185,0.066314
EPN,negativeSmallDark ,0.071277,0.087848,0.096754,0.095484,0.08527,0.070843,0.058048,0.050633,0.047948,0.044984,0.034999,0.013477,-0.018675,-0.054582,-0.083983,-0.097648,-0.09148,-0.068189,-0.035761,-0.0037236,0.020808,0.035364,0.041772,0.043836,0.044466,0.043981,0.040383,0.031202,0.015655,-0.0042644,-0.02441,-0.040396,-0.049536,-0.051782,-0.049409,-0.045763,-0.043939,-0.046043,-0.052923,-0.064194,-0.078183,-0.091724,-0.10021,-0.098316,-0.081588,-0.048665,-0.0031059,0.04639,0.088023,0.11074,0.10831,0.081793,0.039153,-0.0079574,-0.048845,-0.077786,-0.095697,-0.10871,-0.12428,-0.14671,-0.1742,-0.19917,-0.21158,-0.20385,-0.17503,-0.13196,-0.086906,-0.052327,-0.035044,-0.03238,-0.032229,-0.017284,0.028351,0.11291,0.2337,0.37824,0.52892,0.66913,0.78794,0.88137,0.95017,0.99579,1.017,1.0093,0.96697,0.88704,0.77253,0.63292,0.48157,0.3312,0.18982,0.059196,-0.063132,-0.17966,-0.28906,-0.38494,-0.4582,-0.50157,-0.51398,-0.50214,-0.47825,-0.45587,-0.43964,-0.42858,-0.413,-0.38024,-0.32099,-0.23369,-0.12499,-0.0063178,0.11147,0.22246,0.32698,0.42938,0.53385,0.64067,0.74516,0.83994,0.9192,0.98241,1.0351,1.0863,1.1435,1.2088,1.2777,1.3406,1.3879,1.4141,1.4203,1.4126,1.3988,1.384,1.3679,1.3463,1.3136,1.2665,1.2057,1.1354,1.061,0.98591,0.91086,0.83437,0.75523,0.67464,0.59704,0.52887,0.47625,0.44287,0.42908,0.43274,0.45435,0.48291,0.51971,0.56192,0.60615,0.64604,0.67766,0.69804,0.70733,0.70897,0.70845,0.71115,0.72042,0.73653,0.75704,0.77808,0.79593,0.80813,0.81389,0.81402,0.8104,0.80561,0.80234,0.80274,0.80782,0.81712,0.829,0.84172,0.85494,0.86911,0.887,0.91022,0.93803,0.96718,0.99138,1.0041,1.0011,0.98261,0.95294,0.91923,0.88843,0.86489,0.84947,0.84022,0.83404,0.82822,0.82111,0.81197,0.80049,0.7865,0.77006,0.75182,0.73311,0.71556,0.70038,0.68755,0.67572,0.66299,0.6481,0.63136,0.61449,0.59942,0.58676,0.57487,0.56031,0.53928,0.5095,0.4714,0.42809,0.38412,0.34352,0.3082,0.27777,0.25054,0.22528,0.20244,0.18412,0.17289,0.1701,0.17476,0.18346,0.19162,0.19531,0.19294,0.18581,0.17726,0.17078,0.16809,0.16821,0.16819,0.16486,0.15683,0.14566,0.13557,0.13161,0.13731,0.15268,0.17368,0.19354,0.2055,0.20551,0.19367,0.17224,0.15072,0.13202,0.11837,0.10946,0.10356,0.099343,0.097345,0.1001,0.11081,0.1312,0.16004,0.19315,0.22499,0.25096,0.26922,0.28105,0.28961,0.2978,0.30613,0.31189,0.3102,0.29655,0.26962,0.23251,0.19185,0.15523,0.1283,0.11301,0.10758,0.10808,0.1106,0.11304,0.11574,0.12062,0.12927,0.14147,0.1552,0.16749,0.1761,0.18048,0.18171,0.18129,0.17978,0.17578,0.16609,0.14707,0.11678,0.07705,0.034006,-0.0033699,-0.026262,-0.029495,-0.013794,0.014196
EPN,negativeLargeBright ,0.058312,0.040518,0.020839,0.0018642,-0.013727,-0.024464,-0.030815,-0.034862,-0.03907,-0.044768,-0.051217,-0.055804,-0.055368,-0.048068,-0.034825,-0.019347,-0.006521,0.0017249,0.0020579,-0.001415,-0.0036066,0.00013349,0.011809,0.029889,0.050297,0.068608,0.082288,0.091741,0.099469,0.1079,0.11727,0.12495,0.12674,0.11947,0.10324,0.081902,0.06144,0.046997,0.040109,0.037652,0.033248,0.020374,-0.0043923,-0.039644,-0.079859,-0.118,-0.14847,-0.16902,-0.18075,-0.18674,-0.1901,-0.19289,-0.19442,-0.19371,-0.18944,-0.18081,-0.16772,-0.15056,-0.13007,-0.10731,-0.083786,-0.06162,-0.043451,-0.032077,-0.029932,-0.038484,-0.057676,-0.085457,-0.11759,-0.14785,-0.169,-0.17447,-0.16018,-0.12582,-0.074529,-0.010848,0.061966,0.14263,0.23732,0.34785,0.47417,0.60952,0.73933,0.84653,0.91358,0.93104,0.89994,0.83013,0.73515,0.62599,0.50716,0.37682,0.23097,0.069337,-0.10036,-0.26199,-0.39524,-0.48218,-0.5134,-0.49055,-0.42485,-0.33256,-0.22995,-0.12959,-0.038906,0.039209,0.1049,0.16151,0.20851,0.25073,0.29255,0.3385,0.39185,0.45331,0.52072,0.58999,0.65665,0.71739,0.77098,0.81841,0.86249,0.90693,0.9554,1.0107,1.0742,1.1454,1.2222,1.3006,1.376,1.4445,1.5041,1.5554,1.6006,1.6413,1.6771,1.7046,1.7184,1.7136,1.6874,1.6414,1.5808,1.5127,1.4433,1.3763,1.3127,1.2516,1.1921,1.1342,1.0789,1.0274,0.98036,0.9379,0.9004,0.86916,0.84662,0.83525,0.8358,0.84566,0.85951,0.86734,0.86399,0.84777,0.8227,0.79686,0.77861,0.77236,0.77614,0.78219,0.78049,0.76371,0.73104,0.68927,0.65037,0.62675,0.62631,0.6496,0.69015,0.73762,0.78203,0.81709,0.84133,0.85682,0.86677,0.87347,0.87765,0.87928,0.87905,0.87915,0.88242,0.8904,0.90136,0.90828,0.90772,0.89205,0.86057,0.8187,0.77624,0.74335,0.72611,0.72402,0.73056,0.7366,0.73489,0.72307,0.70405,0.68381,0.6681,0.65985,0.6587,0.66235,0.66855,0.67637,0.68595,0.69697,0.7071,0.71175,0.70506,0.68333,0.64655,0.59905,0.54809,0.50117,0.46329,0.43572,0.41641,0.40167,0.38813,0.37396,0.35898,0.34186,0.32666,0.31138,0.29554,0.27903,0.26261,0.24778,0.23605,0.22809,0.22328,0.21983,0.21792,0.21123,0.20213,0.19227,0.18464,0.18249,0.18686,0.19948,0.21632,0.23194,0.24009,0.23599,0.21853,0.19133,0.16215,0.1402,0.13254,0.14087,0.16049,0.18205,0.19539,0.19389,0.17771,0.15263,0.12856,0.11405,0.11228,0.12004,0.12677,0.12415,0.1074,0.078883,0.047265,0.023826,0.017382,0.030295,0.057504,0.088961,0.11433,0.12769,0.12964,0.12598,0.12382,0.12732,0.13536,0.14232,0.14141,0.12884,0.10649,0.081591,0.063468,0.058831,0.068285,0.085916,0.10221,0.10879,0.10247,0.086608,0.06918,0.058619,0.059611,0.070908,0.086251,0.09771,0.099574,0.090924,0.07565
EPN,negativeSmallBright ,0.1295,0.13344,0.13078,0.12262,0.11073,0.09628,0.0792,0.058827,0.03508,0.0094107,-0.01529,-0.035779,-0.049844,-0.057031,-0.058265,-0.054663,-0.046289,-0.031795,-0.0094867,0.02079,0.056173,0.090792,0.11748,0.13042,0.12739,0.11034,0.082729,0.053686,0.025647,0.00051508,-0.021586,-0.040918,-0.056975,-0.068271,-0.073346,-0.072093,-0.066474,-0.060038,-0.056484,-0.058079,-0.06471,-0.074067,-0.082839,-0.088119,-0.088455,-0.084079,-0.076403,-0.067354,-0.058941,-0.053028,-0.051133,-0.054003,-0.061033,-0.069881,-0.076907,-0.078506,-0.072798,-0.060926,-0.047164,-0.03762,-0.037881,-0.050584,-0.074112,-0.10311,-0.13059,-0.15055,-0.16002,-0.1596,-0.15258,-0.14319,-0.13498,-0.12987,-0.12815,-0.12901,-0.13112,-0.13278,-0.1316,-0.12404,-0.10541,-0.070881,-0.017246,0.055193,0.14162,0.23314,0.31865,0.38762,0.43273,0.44933,0.44408,0.4193,0.37962,0.32788,0.26507,0.19203,0.11195,0.032106,-0.036354,-0.080902,-0.091647,-0.065382,-0.0078804,0.067152,0.14251,0.20354,0.2433,0.26442,0.27695,0.29316,0.32153,0.36267,0.40882,0.44707,0.46512,0.45679,0.42469,0.37882,0.33203,0.29489,0.27232,0.26345,0.26401,0.27005,0.28077,0.29923,0.33047,0.37816,0.44167,0.51565,0.59225,0.66469,0.73002,0.78973,0.84813,0.90957,0.97951,1.0495,1.1178,1.1792,1.2301,1.27,1.3004,1.3235,1.3406,1.352,1.3588,1.3637,1.3714,1.3868,1.4127,1.4483,1.4879,1.5235,1.5477,1.557,1.5538,1.5445,1.5362,1.5329,1.533,1.5309,1.5206,1.4991,1.4685,1.4361,1.4111,1.4011,1.4082,1.4282,1.4522,1.47,1.4737,1.4597,1.4289,1.3859,1.3374,1.2903,1.2505,1.2215,1.2041,1.1965,1.1956,1.1971,1.1971,1.1924,1.1822,1.1678,1.1525,1.1393,1.1334,1.1369,1.1507,1.1735,1.2014,1.2281,1.2464,1.2502,1.2357,1.2029,1.1549,1.0976,1.0386,0.98519,0.94312,0.91545,0.90225,0.90093,0.90695,0.91484,0.91959,0.91824,0.91104,0.90121,0.89344,0.89162,0.89698,0.90768,0.91975,0.92881,0.93192,0.92848,0.9199,0.90795,0.89308,0.87379,0.84761,0.81334,0.77264,0.73015,0.69165,0.66161,0.64295,0.62988,0.62016,0.6102,0.5993,0.59041,0.58855,0.59779,0.61648,0.64517,0.67441,0.69716,0.70894,0.70895,0.69958,0.68461,0.66721,0.6486,0.62795,0.6036,0.57455,0.54157,0.50711,0.47457,0.4474,0.42859,0.42046,0.42444,0.44053,0.46698,0.50028,0.53576,0.56861,0.59483,0.61203,0.61965,0.61849,0.60963,0.59348,0.56967,0.53815,0.50054,0.46091,0.42493,0.39798,0.38293,0.37883,0.37878,0.38139,0.37759,0.36515,0.34704,0.33046,0.3236,0.33183,0.351,0.38433,0.41973,0.44879,0.46564,0.46843,0.45894,0.44082,0.41732,0.39007,0.35943,0.32615,0.29286,0.26408,0.24461,0.23734,0.2415,0.25257,0.26383,0.26904,0.26523,0.25414
EPN,neutralLargeDark,0.0071917,0.028557,0.049498,0.064452,0.06583,0.053352,0.029485,0.01072,0.0024705,0.0088003,0.027386,0.050672,0.069395,0.076764,0.071167,0.056158,0.037991,0.022215,0.011135,0.0033877,-0.0042407,-0.014104,-0.025861,-0.036556,-0.042507,-0.042122,-0.035788,-0.027297,-0.020765,-0.018771,-0.021215,-0.026495,-0.029937,-0.030562,-0.028503,-0.025224,-0.022158,-0.019702,-0.017257,-0.014173,-0.010702,-0.0081385,-0.0079337,-0.010537,-0.01491,-0.019225,-0.022426,-0.025403,-0.030655,-0.040246,-0.053212,-0.064476,-0.066683,-0.054492,-0.028972,0.0010042,0.022079,0.02322,0.001106,-0.032474,-0.062546,-0.074214,-0.062839,-0.037363,-0.015486,-0.012624,-0.03064,-0.053248,-0.051511,0.0026898,0.1198,0.29397,0.49101,0.67125,0.8026,0.8713,0.88276,0.85341,0.79917,0.72761,0.63787,0.5271,0.39808,0.26233,0.13623,0.030414,-0.048801,-0.11335,-0.17875,-0.25548,-0.34042,-0.41559,-0.45569,-0.44032,-0.36445,-0.24144,-0.09892,0.042561,0.16061,0.2536,0.33054,0.4037,0.48067,0.56031,0.63482,0.69577,0.73732,0.77067,0.80185,0.83951,0.88655,0.93852,0.98637,1.0218,1.0424,1.0538,1.067,1.0943,1.1428,1.212,1.2939,1.377,1.4507,1.5095,1.5534,1.5861,1.6118,1.632,1.645,1.6465,1.6329,1.6031,1.5597,1.5077,1.4526,1.3977,1.3436,1.289,1.2325,1.1752,1.121,1.0754,1.0433,1.0261,1.021,1.0213,1.0196,1.0102,0.99112,0.96456,0.9348,0.90573,0.87896,0.85369,0.8283,0.80235,0.77791,0.75913,0.75028,0.7533,0.76615,0.78324,0.79774,0.80465,0.80325,0.79736,0.79326,0.79665,0.8099,0.8312,0.85557,0.87707,0.89074,0.89459,0.88802,0.8723,0.84908,0.81988,0.78643,0.75111,0.71721,0.68822,0.66668,0.65319,0.64632,0.64839,0.64673,0.64417,0.63981,0.63387,0.62722,0.62094,0.61593,0.61262,0.61086,0.6096,0.60671,0.59923,0.58094,0.55718,0.5283,0.49864,0.4749,0.46222,0.46172,0.46951,0.4778,0.47822,0.46569,0.44094,0.41042,0.38349,0.36804,0.36721,0.37707,0.38993,0.39723,0.39331,0.37739,0.35306,0.32598,0.30096,0.27995,0.2617,0.24402,0.22177,0.19456,0.16391,0.13376,0.10918,0.094677,0.09271,0.10268,0.12078,0.14083,0.15603,0.16119,0.15444,0.13794,0.11696,0.097848,0.085746,0.08279,0.087772,0.097349,0.10825,0.11937,0.13246,0.15087,0.1771,0.21057,0.24685,0.27759,0.29782,0.30196,0.29005,0.26678,0.2396,0.21588,0.20321,0.19755,0.19951,0.20615,0.21493,0.22432,0.23349,0.2416,0.24747,0.24985,0.24822,0.24355,0.23857,0.237,0.24193,0.25437,0.27258,0.29297,0.31185,0.32701,0.33822,0.34638,0.35191,0.35347,0.34791,0.33167,0.30306,0.26413,0.22103,0.18201,0.15426,0.1409,0.1397,0.14444,0.14801,0.14582,0.13771,0.12753,0.12086,0.12195,0.13184,0.14842,0.168,0.18754,0.20565,0.22224,0.23689,0.24755
EPN,neutralSmallDark,-0.012787,-0.027757,-0.044351,-0.059614,-0.071156,-0.077521,-0.078058,-0.07237,-0.059907,-0.040032,-0.012729,0.020393,0.0555,0.087116,0.11413,0.12504,0.12585,0.12137,0.11746,0.11798,0.12236,0.12545,0.11976,0.099427,0.06385,0.019054,-0.024268,-0.055176,-0.067127,-0.06059,-0.042291,-0.021645,-0.006249,0.0013713,0.0041408,0.0079809,0.017865,0.034395,0.052862,0.065134,0.063272,0.043171,0.0071624,-0.037484,-0.082763,-0.11783,-0.1368,-0.14008,-0.1331,-0.12513,-0.1253,-0.13858,-0.16345,-0.1921,-0.21348,-0.21811,-0.20264,-0.17198,-0.13223,-0.10744,-0.10065,-0.11202,-0.13275,-0.15305,-0.16302,-0.16049,-0.15102,-0.14443,-0.14868,-0.1645,-0.18602,-0.19444,-0.17805,-0.1278,-0.042815,0.070657,0.20276,0.34368,0.48536,0.62076,0.74189,0.83869,0.9002,0.91783,0.88916,0.81961,0.72079,0.60596,0.48508,0.36193,0.23461,0.098967,-0.046984,-0.20016,-0.35229,-0.49252,-0.61124,-0.70302,-0.76716,-0.80603,-0.82247,-0.81795,-0.79246,-0.74572,-0.67866,-0.59424,-0.497,-0.39165,-0.28134,-0.16662,-0.045887,0.082915,0.2198,0.36106,0.49934,0.62556,0.73192,0.81478,0.87621,0.92354,0.9668,1.015,1.0725,1.1377,1.2043,1.2646,1.3133,1.3498,1.3777,1.4022,1.4267,1.4508,1.4699,1.477,1.4661,1.4352,1.3852,1.3248,1.2572,1.1853,1.11,1.0314,0.95083,0.87266,0.80329,0.74933,0.71496,0.69993,0.69908,0.70665,0.71596,0.72431,0.73304,0.74598,0.76721,0.79749,0.83507,0.87509,0.91124,0.93755,0.95015,0.94834,0.93458,0.91368,0.8914,0.87304,0.86212,0.85923,0.86175,0.86401,0.8629,0.85595,0.845,0.83508,0.83201,0.83947,0.85701,0.87987,0.90078,0.91303,0.91333,0.90308,0.88718,0.87119,0.85858,0.84985,0.84376,0.83964,0.83889,0.84458,0.85924,0.88203,0.90718,0.92482,0.92455,0.90023,0.85366,0.79464,0.737,0.69247,0.66566,0.65251,0.6432,0.62755,0.60039,0.56422,0.52788,0.50201,0.49347,0.50187,0.51976,0.53631,0.5423,0.53379,0.51288,0.48549,0.45792,0.43385,0.41312,0.39264,0.36876,0.33995,0.30801,0.2774,0.25286,0.23671,0.22758,0.22078,0.21039,0.19197,0.16495,0.13363,0.106,0.090532,0.092314,0.11039,0.13765,0.16339,0.17844,0.17764,0.16275,0.14117,0.12233,0.1132,0.11505,0.12322,0.1299,0.12843,0.11675,0.098042,0.078657,0.064647,0.058957,0.060702,0.066645,0.073835,0.081771,0.092657,0.10967,0.13427,0.16432,0.19445,0.21843,0.23217,0.23539,0.23119,0.22383,0.21619,0.20832,0.19775,0.18149,0.15845,0.13095,0.10429,0.0847,0.076709,0.081306,0.095757,0.11492,0.13319,0.14628,0.15226,0.15189,0.1481,0.14489,0.14597,0.15341,0.16657,0.18191,0.19372,0.196,0.18486,0.16057,0.12797,0.094781,0.068521,0.053239,0.047905,0.04712,0.043892,0.033176,0.014424,-0.0082104,-0.028241,-0.040589,-0.044591,-0.044621
EPN,neutralLargeBright,-0.0011029,-0.030726,-0.048297,-0.056491,-0.05994,-0.062653,-0.065981,-0.068189,-0.065813,-0.056094,-0.039214,-0.018919,-0.0010657,0.0092936,0.010762,0.0067998,0.0044259,0.010946,0.030253,0.060456,0.094078,0.12076,0.13123,0.12078,0.090875,0.048339,0.0026332,-0.037471,-0.066499,-0.083221,-0.089872,-0.090377,-0.088474,-0.086492,-0.085082,-0.083687,-0.081263,-0.076839,-0.069731,-0.059411,-0.04519,-0.026108,-0.0012597,0.029475,0.064597,0.1006,0.13226,0.15365,0.15959,0.14711,0.11654,0.071717,0.019248,-0.033141,-0.078771,-0.11392,-0.13868,-0.15642,-0.17195,-0.18892,-0.20776,-0.22496,-0.23436,-0.2301,-0.20985,-0.17671,-0.13845,-0.10419,-0.080105,-0.066098,-0.055877,-0.038424,-0.0045047,0.04987,0.12136,0.20118,0.27972,0.35146,0.41742,0.48394,0.55828,0.64355,0.73543,0.82257,0.89024,0.92543,0.92092,0.87675,0.79775,0.69335,0.57001,0.43222,0.28266,0.12443,-0.03705,-0.19312,-0.33281,-0.44488,-0.5205,-0.55519,-0.54957,-0.50983,-0.44584,-0.36855,-0.28725,-0.2073,-0.12929,-0.049984,0.035178,0.12894,0.23005,0.33305,0.43056,0.51673,0.58875,0.65256,0.71301,0.7755,0.84181,0.90912,0.97188,1.0253,1.0688,1.1067,1.1466,1.1953,1.2549,1.3213,1.3865,1.4425,1.4849,1.5154,1.5401,1.5667,1.6002,1.6406,1.6806,1.7166,1.7397,1.7463,1.7368,1.7143,1.682,1.642,1.5944,1.5389,1.4757,1.4089,1.3401,1.2754,1.2187,1.1713,1.132,1.0979,1.0671,1.0397,1.0186,1.008,1.0109,1.0282,1.0561,1.0876,1.1146,1.1306,1.1325,1.1216,1.1019,1.0782,1.0546,1.0334,1.0156,1.0016,0.99231,0.9885,0.99037,0.99648,1.0035,1.0069,1.0029,0.99057,0.97235,0.95345,0.93936,0.93311,0.93364,0.93633,0.9353,0.92663,0.9106,0.89189,0.87745,0.87271,0.87829,0.88895,0.89567,0.88991,0.86793,0.83299,0.7942,0.76261,0.74634,0.74723,0.76036,0.77682,0.78783,0.7883,0.77774,0.75864,0.73355,0.70314,0.66639,0.62283,0.57486,0.52865,0.48983,0.46941,0.46519,0.47081,0.47529,0.47127,0.44655,0.40832,0.36668,0.33356,0.31705,0.31781,0.32932,0.34155,0.346,0.33931,0.32384,0.30541,0.28959,0.27889,0.27221,0.26635,0.25858,0.24828,0.23701,0.22712,0.2201,0.21591,0.21355,0.21244,0.21339,0.21841,0.22938,0.24621,0.26594,0.28339,0.2932,0.29232,0.28153,0.26516,0.24892,0.23705,0.23041,0.22626,0.22003,0.20802,0.18989,0.16939,0.15301,0.14717,0.15519,0.17545,0.20173,0.22489,0.23858,0.23822,0.22507,0.20476,0.18498,0.17247,0.17094,0.18044,0.19824,0.22068,0.2447,0.26848,0.29082,0.31013,0.32376,0.32828,0.32088,0.30104,0.27153,0.23799,0.20698,0.18347,0.16889,0.16085,0.15478,0.14435,0.13373,0.12374,0.12025,0.12855,0.15015,0.18102,0.21258,0.23497,0.24119,0.23006,0.20666,0.17985,0.15815
EPN,neutralSmallBright,-0.03027,0.0023863,0.051342,0.10968,0.16549,0.20554,0.21975,0.20449,0.16334,0.10514,0.040595,-0.021201,-0.074422,-0.11624,-0.14536,-0.16083,-0.16212,-0.15028,-0.12883,-0.1036,-0.080797,-0.06435,-0.053759,-0.044081,-0.02829,-0.0010591,0.037851,0.082487,0.12264,0.148,0.15268,0.13767,0.11023,0.080479,0.056861,0.042699,0.035253,0.027665,0.012743,-0.013276,-0.048606,-0.086377,-0.11751,-0.13452,-0.13448,-0.11992,-0.097256,-0.073721,-0.054351,-0.040295,-0.02922,-0.017505,-0.0030078,0.012955,0.025518,0.028335,0.016754,-0.00947,-0.045371,-0.082347,-0.11133,-0.1263,-0.12664,-0.11728,-0.10503,-0.1015,-0.10835,-0.12411,-0.14279,-0.15685,-0.16096,-0.15456,-0.14225,-0.13151,-0.12872,-0.13534,-0.14584,-0.1489,-0.13159,-0.084733,-0.0071396,0.093343,0.20241,0.30419,0.3847,0.44122,0.47257,0.48256,0.47483,0.45046,0.40828,0.34731,0.26963,0.18186,0.093951,0.01612,-0.04463,-0.086278,-0.11116,-0.12336,-0.1257,-0.11808,-0.098066,-0.063327,-0.014344,0.044301,0.10482,0.1587,0.19947,0.22427,0.23371,0.23054,0.21804,0.19909,0.1735,0.14922,0.12648,0.10831,0.097284,0.094925,0.10162,0.11724,0.14191,0.17646,0.22178,0.27767,0.34178,0.40969,0.47615,0.53721,0.59181,0.64218,0.69271,0.74773,0.80946,0.87704,0.94722,1.0159,1.0799,1.1376,1.1884,1.2319,1.2677,1.2956,1.317,1.335,1.3544,1.3791,1.4099,1.4431,1.4711,1.4854,1.4804,1.4568,1.4216,1.3857,1.3589,1.3455,1.343,1.3437,1.339,1.3239,1.2992,1.2709,1.2468,1.2332,1.2317,1.2399,1.2488,1.2613,1.2729,1.2775,1.2758,1.2656,1.244,1.2095,1.1637,1.1115,1.0603,1.0172,0.9863,0.96689,0.95469,0.94426,0.93381,0.9202,0.90811,0.9008,0.89926,0.9013,0.90279,0.90024,0.89304,0.8841,0.87834,0.87998,0.88997,0.9051,0.91939,0.9269,0.9244,0.91241,0.89427,0.87396,0.85426,0.83605,0.8188,0.80172,0.78466,0.76826,0.74791,0.73572,0.72648,0.72037,0.71791,0.72006,0.7276,0.74004,0.75482,0.76765,0.77406,0.7714,0.76007,0.74329,0.72548,0.71019,0.69875,0.69032,0.6831,0.67603,0.66975,0.66612,0.66657,0.67055,0.67496,0.67532,0.66793,0.6518,0.62905,0.60359,0.57894,0.55657,0.5357,0.51469,0.49306,0.47279,0.46027,0.45487,0.46017,0.47306,0.48677,0.49386,0.48989,0.47578,0.4575,0.44324,0.43943,0.44755,0.46327,0.47825,0.4839,0.47508,0.45222,0.42095,0.38972,0.36658,0.35658,0.36038,0.37455,0.393,0.40922,0.41834,0.41849,0.41102,0.39968,0.38898,0.38237,0.38095,0.38295,0.38471,0.38242,0.374,0.36013,0.34368,0.32823,0.31534,0.30614,0.29751,0.28567,0.26768,0.2433,0.21554,0.18964,0.1708,0.16214,0.16365,0.17265,0.18542,0.19884,0.21141,0.22316,0.23475,0.24613,0.25558,0.25983,0.25539,0.24033
EPN,all ,0.035565,0.037164,0.040032,0.042543,0.04241,0.038304,0.029801,0.019177,0.0082845,-0.00062636,-0.0062154,-0.0085427,-0.008873,-0.008863,-0.0090332,-0.010246,-0.010493,-0.007744,-0.0012362,0.0087599,0.020268,0.029843,0.036291,0.037766,0.034795,0.029134,0.022781,0.017605,0.013647,0.01015,0.0060221,0.00054468,-0.0057367,-0.011699,-0.015824,-0.017099,-0.015657,-0.012941,-0.01126,-0.012883,-0.018999,-0.028995,-0.039936,-0.04919,-0.053347,-0.050693,-0.042221,-0.031442,-0.023025,-0.021022,-0.027044,-0.039542,-0.054354,-0.066929,-0.074471,-0.077331,-0.078704,-0.082725,-0.091441,-0.10513,-0.11923,-0.12841,-0.12885,-0.12098,-0.1088,-0.09876,-0.094797,-0.096394,-0.097647,-0.089389,-0.063839,-0.016046,0.050371,0.12702,0.20359,0.27193,0.32886,0.37606,0.41841,0.45956,0.50005,0.53662,0.5635,0.57514,0.56764,0.54048,0.4957,0.43552,0.36305,0.28093,0.19059,0.095769,0.0011633,-0.087477,-0.16424,-0.22412,-0.26402,-0.28178,-0.2784,-0.25552,-0.21604,-0.16414,-0.10426,-0.041217,0.021329,0.081676,0.13994,0.19918,0.26074,0.32572,0.39291,0.45916,0.52057,0.57416,0.61879,0.65739,0.69312,0.72981,0.77008,0.81468,0.86273,0.91258,0.96275,1.0124,1.0613,1.1091,1.1547,1.1965,1.2325,1.2613,1.2828,1.2983,1.3095,1.318,1.3245,1.327,1.3237,1.3136,1.2955,1.2701,1.239,1.2047,1.1693,1.1345,1.1016,1.072,1.0471,1.0281,1.015,1.0072,1.0031,0.99941,0.99447,0.98762,0.97999,0.97354,0.97064,0.97221,0.97717,0.98258,0.98541,0.98366,0.97754,0.96943,0.9629,0.96103,0.96482,0.97259,0.98016,0.98439,0.98288,0.97522,0.96417,0.95334,0.94557,0.94183,0.94094,0.9404,0.93787,0.93233,0.92473,0.9178,0.9119,0.90834,0.9062,0.90365,0.89804,0.88965,0.88008,0.87166,0.86647,0.86482,0.86554,0.86519,0.86038,0.84911,0.8316,0.81007,0.7872,0.76649,0.74906,0.73467,0.72219,0.7103,0.69817,0.68574,0.67345,0.66174,0.65067,0.63985,0.62811,0.61676,0.60535,0.59441,0.58379,0.57381,0.56313,0.55053,0.53493,0.51632,0.4944,0.4711,0.44825,0.42736,0.40929,0.39362,0.3797,0.36677,0.35451,0.34298,0.33365,0.32683,0.32325,0.32256,0.32345,0.32411,0.32289,0.31887,0.312,0.30385,0.29586,0.28874,0.28357,0.28041,0.27891,0.27865,0.27965,0.28167,0.28471,0.28795,0.28983,0.28847,0.28222,0.27198,0.25916,0.24683,0.23828,0.23565,0.23905,0.24684,0.25527,0.2619,0.26563,0.26714,0.2684,0.27114,0.27593,0.28138,0.28487,0.28382,0.27709,0.26563,0.25228,0.24056,0.23322,0.23124,0.23372,0.23823,0.24307,0.24621,0.24716,0.24642,0.24491,0.24326,0.24153,0.23858,0.23498,0.22979,0.22297,0.21481,0.20575,0.19623,0.18666,0.17705,0.16835,0.16055,0.15392,0.14859,0.14441,0.14098,0.13784,0.13481,0.13204,0.12991,0.1286,0.12779,0.12659
LPP,negativeLargeDark ,0.056524,0.058299,0.059895,0.058611,0.051971,0.038777,0.020015,-0.000934,-0.019042,-0.029105,-0.027542,-0.014025,0.0078126,0.03119,0.048607,0.054775,0.048481,0.032556,0.012193,-0.0071951,-0.021521,-0.032884,-0.032669,-0.026724,-0.017343,-0.0070912,0.0014467,0.0058249,0.0041094,-0.0043099,-0.01784,-0.032621,-0.043778,-0.047527,-0.042889,-0.032028,-0.01917,-0.0088126,-0.00404,-0.0055432,-0.011541,-0.018651,-0.020989,-0.021453,-0.017463,-0.010559,-0.0031134,0.0024653,0.0044339,0.0024309,-0.0020144,-0.0057349,-0.0054724,-0.00027188,0.0067801,0.0089383,-0.0012268,-0.027515,-0.066717,-0.10832,-0.13817,-0.14494,-0.12632,-0.091419,-0.057145,-0.039576,-0.04444,-0.062129,-0.070587,-0.045079,0.029879,0.15241,0.30303,0.45207,0.57093,0.6419,0.66189,0.6392,0.58601,0.51153,0.4197,0.31205,0.19263,0.070783,-0.040455,-0.12958,-0.19203,-0.23228,-0.26104,-0.28622,-0.31754,-0.34705,-0.36218,-0.34987,-0.30358,-0.22675,-0.13084,-0.029615,0.066731,0.1545,0.23533,0.31248,0.38703,0.45648,0.51612,0.56246,0.59621,0.62293,0.65057,0.6853,0.72806,0.774,0.81521,0.84499,0.86166,0.8699,0.87918,0.90013,0.94026,1.0007,1.0755,1.1537,1.2228,1.2731,1.2996,1.3025,1.2861,1.2566,1.2206,1.183,1.1468,1.1128,1.0804,1.0479,1.0137,0.97638,0.93494,0.88966,0.84216,0.79502,0.75096,0.71194,0.67881,0.65165,0.63029,0.61474,0.60521,0.60175,0.60379,0.60973,0.6168,0.62176,0.62194,0.61647,0.60665,0.59511,0.58439,0.5757,0.56878,0.5629,0.55799,0.55548,0.55824,0.56966,0.59205,0.6249,0.66415,0.70296,0.73422,0.75346,0.76062,0.75997,0.75802,0.76089,0.77176,0.78954,0.80928,0.82421,0.82875,0.82111,0.80398,0.78719,0.7681,0.75482,0.74763,0.74368,0.7386,0.72864,0.71227,0.69081,0.66762,0.64623,0.6286,0.61452,0.60241,0.59084,0.57946,0.56912,0.56122,0.55674,0.5555,0.55588,0.55522,0.55095,0.54184,0.52881,0.51462,0.50248,0.49442,0.4903,0.48777,0.48295,0.47166,0.4509,0.42022,0.38238,0.34264,0.30703,0.28034,0.26468,0.25938,0.26158,0.26733,0.27272,0.27491,0.27281,0.26721,0.2603,0.25492,0.254,0.26003,0.27423,0.29544,0.31941,0.33947,0.34874,0.34305,0.323,0.29439,0.26629,0.24778,0.24421,0.25477,0.27261,0.28792,0.29254,0.28388,0.26586,0.24646,0.2334,0.23049,0.23621,0.24503,0.25054,0.24877,0.24016,0.22899,0.22061,0.21823,0.22128,0.22607,0.22834,0.2258,0.21906,0.21095,0.20447,0.20194,0.20341,0.20745,0.21218,0.21651,0.22054,0.22493,0.22961,0.23306,0.23279,0.22696,0.21586,0.20215,0.18994,0.18301,0.18327,0.19015,0.20078,0.21121,0.21786,0.2186,0.21311,0.20237,0.18791,0.17148,0.1551,0.14122,0.13214,0.12897,0.13076,0.13445,0.13585,0.13125,0.11906,0.10067,0.080192,0.062903,0.053174,0.052688,0.060028,0.071822
LPP,negativeSmallDark ,0.063405,0.069857,0.070823,0.065913,0.056967,0.047492,0.040791,0.037998,0.03715,0.03393,0.023851,0.004829,-0.021076,-0.047811,-0.067558,-0.074054,-0.065443,-0.045036,-0.01958,0.003886,0.020819,0.030242,0.033913,0.034431,0.033405,0.030655,0.024733,0.01436,-9.8771e-05,-0.016144,-0.030062,-0.038721,-0.041024,-0.038131,-0.032603,-0.027157,-0.023909,-0.024328,-0.029319,-0.039086,-0.052654,-0.067323,-0.07862,-0.081055,-0.069807,-0.043048,-0.0038878,0.039366,0.075388,0.093859,0.089472,0.064061,0.025764,-0.014318,-0.04648,-0.065968,-0.074372,-0.078277,-0.085612,-0.10129,-0.12436,-0.14809,-0.16306,-0.16175,-0.14229,-0.10982,-0.074675,-0.047991,-0.036574,-0.039071,-0.045539,-0.04091,-0.011001,0.051601,0.14443,0.25612,0.37087,0.47408,0.55686,0.61735,0.65874,0.68524,0.69832,0.6954,0.67147,0.62263,0.54932,0.45715,0.355,0.25146,0.15167,0.056239,-0.036953,-0.12939,-0.21887,-0.29868,-0.35985,-0.39528,-0.4036,-0.39052,-0.36666,-0.34402,-0.3265,-0.31419,-0.29984,-0.27388,-0.22921,-0.16472,-0.085528,-0.00023709,0.08339,0.16182,0.2365,0.31175,0.39108,0.47428,0.55681,0.63189,0.69411,0.74246,0.78117,0.8176,0.85837,0.90574,0.95629,1.0025,1.0365,1.0537,1.0546,1.0443,1.0287,1.0117,0.99348,0.97096,0.94021,0.89926,0.84939,0.79446,0.73864,0.68411,0.63021,0.57466,0.51593,0.45533,0.39727,0.34788,0.31252,0.29379,0.29094,0.30087,0.32336,0.34852,0.37845,0.41217,0.44867,0.48216,0.50975,0.52856,0.53851,0.54288,0.54711,0.5566,0.57455,0.60069,0.63142,0.66142,0.68572,0.7015,0.70884,0.71023,0.70933,0.70972,0.71384,0.72248,0.73466,0.74806,0.75996,0.76865,0.77467,0.77995,0.78844,0.80274,0.82262,0.84599,0.8671,0.87989,0.8801,0.86705,0.84398,0.8167,0.7912,0.77146,0.75845,0.75058,0.74506,0.7393,0.73169,0.72177,0.70998,0.6972,0.68433,0.67203,0.6606,0.65003,0.64001,0.62993,0.61903,0.60687,0.59372,0.58064,0.56889,0.55895,0.54984,0.53925,0.52453,0.50394,0.47754,0.44719,0.41592,0.38665,0.36107,0.33889,0.31832,0.29735,0.27514,0.25272,0.23258,0.21737,0.20865,0.20615,0.20788,0.21084,0.21225,0.21063,0.20639,0.20143,0.19787,0.1967,0.19713,0.19701,0.19405,0.1872,0.17756,0.16825,0.16333,0.16596,0.17664,0.19243,0.20774,0.21662,0.21525,0.20348,0.18349,0.16354,0.147,0.13654,0.13231,0.1326,0.1354,0.13993,0.14717,0.1591,0.17698,0.2,0.2252,0.24861,0.26695,0.27885,0.28508,0.2878,0.28913,0.28978,0.28834,0.28199,0.26816,0.24641,0.21917,0.19086,0.16604,0.14765,0.13624,0.13028,0.12729,0.12505,0.12264,0.12073,0.12085,0.12416,0.13054,0.13828,0.14569,0.15169,0.15638,0.16062,0.16508,0.1693,0.17128,0.16777,0.15539,0.13249,0.10078,0.065801,0.035521,0.017607,0.016423,0.031215,0.056214
LPP,negativeLargeBright ,0.054828,0.040938,0.026564,0.012868,0.001291,-0.0072219,-0.012886,-0.01713,-0.021888,-0.028478,-0.036716,-0.044758,-0.049817,-0.049474,-0.043044,-0.032179,-0.020267,-0.010628,-0.0049915,-0.0029723,-0.0017792,0.001926,0.010291,0.023246,0.038761,0.054054,0.067048,0.077283,0.08571,0.093474,0.10047,0.10473,0.10321,0.093675,0.076579,0.055481,0.035754,0.022078,0.016097,0.015457,0.014805,0.0082591,-0.0078287,-0.033082,-0.063268,-0.092286,-0.1149,-0.12881,-0.13509,-0.13704,-0.13834,-0.14175,-0.14692,-0.1526,-0.15636,-0.15573,-0.14905,-0.13605,-0.11784,-0.096655,-0.075271,-0.056523,-0.042864,-0.03602,-0.03682,-0.04521,-0.060429,-0.081101,-0.10507,-0.12902,-0.1484,-0.15815,-0.15413,-0.1346,-0.10073,-0.055686,-0.0027919,0.054882,0.12084,0.19507,0.27799,0.3664,0.45224,0.52461,0.5721,0.58809,0.57309,0.53392,0.48011,0.4193,0.35406,0.28172,0.19731,0.098067,-0.012662,-0.12439,-0.22206,-0.29112,-0.32254,-0.31537,-0.27611,-0.2157,-0.14586,-0.076264,-0.013197,0.040427,0.08421,0.12082,0.14957,0.17479,0.2006,0.23138,0.27036,0.31833,0.37338,0.43179,0.48967,0.54422,0.59446,0.64112,0.6862,0.7321,0.78071,0.83292,0.88846,0.94632,1.005,1.0628,1.1177,1.1677,1.212,1.2508,1.2853,1.316,1.342,1.3608,1.3685,1.3618,1.3388,1.3007,1.2509,1.1948,1.1379,1.0841,1.0352,0.99088,0.94987,0.91093,0.87305,0.8355,0.79793,0.76093,0.72634,0.69712,0.6765,0.66668,0.66765,0.67653,0.68863,0.69563,0.69361,0.6815,0.6628,0.64403,0.63157,0.62864,0.63375,0.64137,0.64439,0.63736,0.61913,0.59389,0.56991,0.55643,0.56001,0.58212,0.61905,0.6638,0.70881,0.7482,0.77888,0.80038,0.81393,0.8213,0.82401,0.82334,0.82094,0.81931,0.82115,0.82782,0.83785,0.84531,0.84735,0.83745,0.81445,0.78182,0.74672,0.71722,0.69901,0.69306,0.69536,0.69917,0.69845,0.69064,0.67727,0.66256,0.65095,0.64509,0.6452,0.64971,0.65657,0.66433,0.67237,0.68019,0.68628,0.68764,0.67968,0.66058,0.6299,0.59086,0.54899,0.51006,0.47815,0.45456,0.43798,0.42553,0.41417,0.40192,0.38823,0.37173,0.35666,0.34156,0.32646,0.31155,0.29737,0.28469,0.27402,0.26522,0.2576,0.2503,0.2446,0.23672,0.22939,0.22403,0.22218,0.22478,0.23053,0.23993,0.24922,0.25519,0.2549,0.24662,0.2307,0.21013,0.19017,0.17676,0.17411,0.18271,0.19871,0.21528,0.22522,0.22396,0.21215,0.19366,0.17654,0.16749,0.16893,0.17814,0.18599,0.18565,0.17321,0.15065,0.12504,0.1056,0.099586,0.10905,0.12998,0.15417,0.17321,0.18248,0.18285,0.17933,0.17762,0.18058,0.18667,0.19093,0.18789,0.17481,0.15377,0.13131,0.11562,0.11245,0.12204,0.13888,0.15444,0.16143,0.15713,0.14441,0.12991,0.12066,0.12071,0.12926,0.14114,0.14952,0.14929,0.13951,0.12359
LPP,negativeSmallBright ,0.11836,0.12606,0.12784,0.1231,0.11272,0.098124,0.080507,0.060658,0.039206,0.017135,-0.0039392,-0.022003,-0.035326,-0.043134,-0.045722,-0.043877,-0.037982,-0.027556,-0.011793,0.0092271,0.033584,0.057516,0.076448,0.08651,0.085872,0.07529,0.056737,0.035966,0.015176,-0.0037111,-0.019984,-0.033381,-0.043418,-0.049318,-0.050701,-0.048293,-0.044057,-0.040623,-0.040331,-0.044421,-0.052602,-0.063147,-0.07352,-0.081197,-0.084467,-0.082853,-0.077031,-0.06857,-0.05968,-0.052897,-0.050503,-0.053644,-0.061487,-0.070993,-0.077845,-0.078239,-0.070668,-0.056892,-0.041623,-0.031018,-0.030449,-0.04236,-0.065158,-0.093707,-0.12125,-0.1419,-0.15252,-0.1533,-0.14695,-0.1373,-0.12788,-0.12098,-0.11738,-0.11646,-0.11682,-0.11674,-0.11428,-0.10701,-0.091777,-0.065145,-0.024639,0.029681,0.094238,0.16214,0.22458,0.27304,0.30158,0.30667,0.2945,0.26809,0.23233,0.18997,0.14127,0.08557,0.024008,-0.038442,-0.092763,-0.12793,-0.13447,-0.10833,-0.053381,0.018856,0.092876,0.15474,0.19719,0.22179,0.23735,0.2552,0.28382,0.32479,0.37185,0.41337,0.43722,0.43621,0.41114,0.37028,0.32543,0.28702,0.26069,0.24665,0.24157,0.24168,0.2454,0.25439,0.27245,0.3029,0.34598,0.39814,0.45369,0.50774,0.55844,0.60718,0.65689,0.70968,0.76794,0.82345,0.87387,0.91531,0.94654,0.96942,0.98758,1.004,1.0192,1.0318,1.0399,1.044,1.047,1.0538,1.0685,1.092,1.1216,1.1509,1.1735,1.1852,1.1864,1.1814,1.1762,1.1742,1.1753,1.1756,1.1706,1.1575,1.1376,1.1159,1.0991,1.093,1.0998,1.1169,1.1378,1.1547,1.1611,1.1538,1.1326,1.1005,1.0623,1.0237,0.9901,0.96522,0.95057,0.94541,0.94721,0.95248,0.95747,0.95915,0.95598,0.94845,0.93884,0.92966,0.92591,0.92946,0.94181,0.9625,0.98854,1.0146,1.034,1.041,1.0321,1.0072,0.96959,0.92477,0.87942,0.83963,0.8096,0.79094,0.78284,0.78285,0.78775,0.79419,0.79927,0.80112,0.79952,0.79586,0.79247,0.79146,0.79365,0.79841,0.80406,0.80867,0.81081,0.8099,0.80614,0.79984,0.79064,0.77728,0.75821,0.73292,0.70295,0.6717,0.64319,0.62037,0.60504,0.59372,0.58546,0.57853,0.57294,0.57057,0.5741,0.58517,0.60231,0.62314,0.64178,0.654,0.65796,0.65454,0.64637,0.63616,0.62539,0.61379,0.59977,0.58163,0.55878,0.5324,0.50511,0.48008,0.45997,0.44657,0.44093,0.44363,0.4547,0.47324,0.49711,0.52317,0.5479,0.56822,0.58209,0.58878,0.58867,0.58257,0.57099,0.55389,0.53121,0.50394,0.47487,0.44813,0.42778,0.41594,0.41173,0.40924,0.40837,0.40216,0.38952,0.37346,0.36007,0.35596,0.36515,0.38369,0.41309,0.44277,0.4657,0.47759,0.47778,0.46855,0.45332,0.43482,0.41415,0.39114,0.36581,0.3398,0.31661,0.30047,0.29431,0.29797,0.30792,0.3184,0.32382,0.32112,0.31115
LPP,neutralLargeDark,0.0083199,0.026804,0.046385,0.062702,0.068342,0.061773,0.044184,0.028268,0.018911,0.020151,0.030981,0.046111,0.058626,0.063158,0.05803,0.045528,0.030368,0.017109,0.007849,0.0014705,-0.0050006,-0.013889,-0.024978,-0.035426,-0.041428,-0.040461,-0.032857,-0.021287,-0.0099473,-0.0026587,-0.0012973,-0.0062799,-0.012613,-0.018581,-0.022441,-0.023975,-0.023839,-0.022702,-0.020936,-0.018942,-0.017481,-0.017491,-0.019506,-0.023227,-0.027623,-0.031537,-0.034435,-0.036863,-0.040168,-0.045397,-0.051803,-0.056134,-0.053789,-0.041741,-0.021596,-0.00043491,0.011892,0.0078847,-0.013812,-0.043593,-0.069666,-0.08069,-0.073143,-0.053898,-0.036905,-0.035039,-0.05126,-0.074406,-0.08269,-0.05363,0.022596,0.14513,0.29019,0.42882,0.53581,0.59783,0.61509,0.59673,0.55337,0.49174,0.41411,0.32233,0.22232,0.1252,0.043494,-0.017246,-0.056178,-0.086805,-0.12401,-0.17691,-0.24243,-0.30507,-0.34345,-0.34028,-0.29083,-0.20511,-0.10439,-0.0036987,0.07935,0.14553,0.20213,0.258,0.31734,0.3774,0.43085,0.47116,0.49504,0.5135,0.53359,0.56367,0.60612,0.65601,0.70387,0.7409,0.76379,0.77656,0.78866,0.81061,0.84934,0.90545,0.97326,1.0435,1.107,1.1584,1.1965,1.2241,1.2447,1.2602,1.2703,1.273,1.266,1.2483,1.2206,1.1854,1.1457,1.1039,1.0611,1.0174,0.97257,0.92798,0.88651,0.85196,0.8274,0.81373,0.80912,0.80939,0.80938,0.80451,0.79236,0.77335,0.75003,0.72551,0.70183,0.67961,0.65876,0.6397,0.62404,0.61421,0.61236,0.61906,0.63254,0.64884,0.66314,0.67193,0.67484,0.67512,0.67807,0.68833,0.70762,0.73398,0.76275,0.7884,0.80577,0.81323,0.80974,0.79682,0.77678,0.75169,0.72314,0.69273,0.66263,0.63559,0.61404,0.5992,0.59082,0.59231,0.59253,0.59421,0.59558,0.59542,0.5934,0.59006,0.58639,0.58319,0.58067,0.57826,0.57441,0.56684,0.551,0.52979,0.5047,0.4792,0.45896,0.44851,0.448,0.45447,0.46151,0.46233,0.4526,0.43263,0.40747,0.38492,0.37185,0.3716,0.3806,0.39252,0.3997,0.39671,0.38221,0.35898,0.3323,0.30744,0.28744,0.27201,0.25907,0.24305,0.22214,0.19654,0.16935,0.14554,0.13014,0.12642,0.13443,0.15063,0.16879,0.18208,0.18552,0.17769,0.16115,0.14115,0.12356,0.11279,0.11041,0.11501,0.12351,0.133,0.1426,0.15393,0.16989,0.19255,0.22128,0.25227,0.27855,0.29618,0.30043,0.29123,0.27234,0.24995,0.2304,0.21964,0.21561,0.21812,0.22428,0.23146,0.238,0.24305,0.24619,0.24709,0.2455,0.24149,0.23586,0.23042,0.2278,0.2305,0.23969,0.25437,0.2717,0.28825,0.30137,0.30993,0.31406,0.31426,0.31058,0.30221,0.28776,0.26623,0.23826,0.20684,0.17678,0.15303,0.13853,0.13298,0.13323,0.13491,0.13441,0.13036,0.12382,0.11757,0.11455,0.11662,0.12393,0.13534,0.14944,0.16516,0.18159,0.19721,0.20926
LPP,neutralSmallDark,-0.013394,-0.022954,-0.033899,-0.043506,-0.049728,-0.051813,-0.050206,-0.045734,-0.038658,-0.028183,-0.012925,0.0077888,0.032557,0.057592,0.080975,0.092486,0.095178,0.092094,0.088207,0.087679,0.091317,0.095649,0.094291,0.08126,0.054582,0.0182,-0.019118,-0.047423,-0.059898,-0.055669,-0.039691,-0.020005,-0.0038523,0.0054354,0.0092477,0.012007,0.017973,0.028255,0.039814,0.046868,0.043741,0.027701,0.0011131,-0.03062,-0.062432,-0.086377,-0.098832,-0.10052,-0.096445,-0.093144,-0.096981,-0.11107,-0.13375,-0.15881,-0.17765,-0.18285,-0.17166,-0.1478,-0.11627,-0.09595,-0.089876,-0.098484,-0.11484,-0.13046,-0.13713,-0.13289,-0.12282,-0.11626,-0.12136,-0.13994,-0.16719,-0.18596,-0.18427,-0.15247,-0.088937,0.00019396,0.10429,0.21248,0.31658,0.41164,0.49425,0.56045,0.60495,0.62241,0.61004,0.56952,0.50691,0.43031,0.34647,0.25842,0.16518,0.063777,-0.047664,-0.16727,-0.28873,-0.40279,-0.50029,-0.57497,-0.62476,-0.65107,-0.65701,-0.64566,-0.61922,-0.57918,-0.5269,-0.46424,-0.39356,-0.31719,-0.23644,-0.15114,-0.05988,0.038609,0.14374,0.25193,0.35682,0.45102,0.52857,0.58729,0.62987,0.66329,0.69626,0.73588,0.78467,0.83971,0.89419,0.94082,0.97522,0.99765,1.0124,1.025,1.0393,1.0551,1.0681,1.0719,1.0614,1.0354,0.99504,0.94818,0.89748,0.84495,0.79026,0.73249,0.67235,0.61339,0.56158,0.52309,0.50158,0.49628,0.50225,0.51263,0.52196,0.52848,0.53449,0.54466,0.56354,0.59253,0.62982,0.6705,0.7083,0.73761,0.75505,0.76019,0.75523,0.74412,0.73148,0.72141,0.71648,0.71681,0.72003,0.72151,0.71945,0.71243,0.7028,0.69538,0.69532,0.70555,0.72506,0.74893,0.77027,0.78313,0.78512,0.77808,0.76664,0.75545,0.74694,0.74082,0.73549,0.73024,0.72671,0.72839,0.73845,0.75681,0.77854,0.79465,0.79553,0.77551,0.73606,0.6858,0.63687,0.59966,0.57843,0.57002,0.56614,0.55797,0.54069,0.51584,0.49021,0.47202,0.46657,0.47352,0.48725,0.49978,0.50445,0.49858,0.48388,0.46476,0.44578,0.4294,0.41521,0.40068,0.38302,0.36104,0.33599,0.31096,0.28926,0.27266,0.26047,0.24982,0.23694,0.21897,0.19566,0.17012,0.14803,0.13547,0.1361,0.14926,0.16977,0.18963,0.20186,0.20214,0.19137,0.17479,0.15936,0.15038,0.14898,0.15186,0.15333,0.14845,0.13568,0.1175,0.098872,0.084746,0.077805,0.077784,0.082423,0.089381,0.097845,0.10881,0.12396,0.14389,0.16692,0.18941,0.20731,0.21802,0.22144,0.21947,0.2145,0.2079,0.19924,0.18687,0.16951,0.14778,0.1248,0.10531,0.093831,0.092761,0.1014,0.11632,0.13277,0.14633,0.15421,0.15594,0.15315,0.1489,0.14657,0.14885,0.15682,0.16939,0.18316,0.19323,0.19467,0.18458,0.1636,0.13608,0.10848,0.086824,0.074227,0.069646,0.068525,0.065047,0.055054,0.0382,0.018134,0.00047645,-0.01037,-0.013737,-0.013174
LPP,neutralLargeBright,-0.016014,-0.036469,-0.045339,-0.04662,-0.045694,-0.046491,-0.049586,-0.052204,-0.050111,-0.040405,-0.023749,-0.0046552,0.010482,0.016681,0.013236,0.0045414,-0.0017641,0.0015422,0.017618,0.043679,0.071864,0.092378,0.097448,0.084295,0.055961,0.019765,-0.015758,-0.043928,-0.061741,-0.069873,-0.071229,-0.069067,-0.06564,-0.061813,-0.057518,-0.052555,-0.047136,-0.041902,-0.037402,-0.033365,-0.028221,-0.019338,-0.0040538,0.018896,0.048234,0.07991,0.10791,0.12585,0.12882,0.11486,0.085665,0.046092,0.0027333,-0.037993,-0.071597,-0.096502,-0.11399,-0.12729,-0.13996,-0.15426,-0.16992,-0.18392,-0.19159,-0.18877,-0.17394,-0.14947,-0.12111,-0.095809,-0.078734,-0.070735,-0.067301,-0.061315,-0.04402,-0.010396,0.039026,0.098537,0.16007,0.21697,0.26673,0.31152,0.35615,0.40465,0.45736,0.50978,0.55396,0.58152,0.58678,0.5685,0.52886,0.47352,0.40607,0.32833,0.24021,0.14149,0.033923,-0.077194,-0.18315,-0.27352,-0.33863,-0.37362,-0.37743,-0.35478,-0.31364,-0.26265,-0.20844,-0.15404,-0.09883,-0.039982,0.025212,0.097173,0.17318,0.24824,0.31735,0.37793,0.42968,0.47989,0.53227,0.59011,0.65301,0.71694,0.77628,0.82683,0.86825,0.9044,0.94135,0.98413,1.034,1.0879,1.1396,1.1832,1.2157,1.2382,1.2554,1.2728,1.2944,1.3206,1.3466,1.3705,1.3863,1.3915,1.3858,1.3706,1.3473,1.3168,1.2793,1.2349,1.1847,1.1326,1.0796,1.0305,0.98787,0.95236,0.92283,0.89727,0.87417,0.85356,0.83729,0.82819,0.82801,0.83863,0.8572,0.87912,0.89874,0.91127,0.91435,0.90853,0.89659,0.88211,0.86814,0.85652,0.84795,0.84274,0.84136,0.84456,0.85266,0.86474,0.87814,0.88898,0.89363,0.89047,0.88081,0.86852,0.85828,0.8533,0.85362,0.85614,0.85622,0.85028,0.83792,0.82247,0.80939,0.80331,0.80531,0.81189,0.81642,0.81234,0.79649,0.77089,0.74207,0.71823,0.7055,0.70534,0.71426,0.7259,0.73415,0.73557,0.72977,0.71804,0.70139,0.67946,0.65108,0.61613,0.57719,0.54,0.50964,0.49513,0.4942,0.50096,0.50585,0.50302,0.48206,0.4495,0.41377,0.3845,0.36816,0.36532,0.37091,0.37718,0.37765,0.36992,0.35608,0.34064,0.32752,0.31799,0.31062,0.30287,0.29307,0.28151,0.27008,0.26096,0.25528,0.25252,0.25104,0.24939,0.24762,0.24746,0.25116,0.25976,0.27183,0.28384,0.29168,0.29279,0.28731,0.27797,0.26861,0.26212,0.25891,0.25666,0.2515,0.24044,0.22349,0.20434,0.18904,0.18327,0.18973,0.20679,0.22895,0.24825,0.25959,0.25929,0.24888,0.23352,0.21968,0.21237,0.21349,0.22187,0.23463,0.24892,0.26309,0.27683,0.29039,0.30348,0.31438,0.32008,0.31745,0.30501,0.28416,0.259,0.2346,0.21492,0.20137,0.1927,0.1862,0.17781,0.17048,0.1648,0.16461,0.17324,0.19112,0.21463,0.23708,0.2514,0.25314,0.2423,0.22321,0.20254,0.18644
LPP,neutralSmallBright,-0.021913,0.0043583,0.044858,0.093536,0.1405,0.17502,0.18889,0.17894,0.14769,0.10191,0.049957,-0.00086366,-0.045684,-0.081772,-0.10742,-0.1212,-0.12235,-0.11181,-0.093003,-0.071304,-0.052312,-0.039511,-0.032533,-0.027088,-0.016912,0.0029839,0.033234,0.068992,0.10153,0.1219,0.12483,0.11088,0.085886,0.058149,0.034866,0.019346,0.010082,0.0020836,-0.010213,-0.029923,-0.05596,-0.083432,-0.10593,-0.11833,-0.11879,-0.10912,-0.093575,-0.076905,-0.062341,-0.050507,-0.039726,-0.027633,-0.01321,0.0018674,0.013431,0.016584,0.0080557,-0.012001,-0.039646,-0.068335,-0.091146,-0.10332,-0.10417,-0.09733,-0.087902,-0.084965,-0.089808,-0.10143,-0.1154,-0.12599,-0.12881,-0.12286,-0.1111,-0.099088,-0.092183,-0.092412,-0.096662,-0.097313,-0.08522,-0.053624,-0.001203,0.067045,0.14138,0.21063,0.26471,0.30141,0.31987,0.323,0.31353,0.29222,0.25817,0.21068,0.15134,0.084935,0.018564,-0.040494,-0.087121,-0.11961,-0.13925,-0.14841,-0.14832,-0.13792,-0.11466,-0.076736,-0.025357,0.034574,0.095627,0.15017,0.19264,0.22078,0.23536,0.23894,0.23437,0.2238,0.206,0.18776,0.16841,0.15057,0.13678,0.12878,0.12726,0.13238,0.1445,0.1645,0.1932,0.23049,0.27453,0.32177,0.36791,0.40961,0.44593,0.47892,0.51269,0.55144,0.59728,0.64937,0.70454,0.75891,0.80945,0.85459,0.8938,0.9268,0.95325,0.97305,0.98718,0.99831,1.0104,1.0273,1.05,1.0758,1.0979,1.1087,1.103,1.0816,1.0507,1.0202,0.99884,0.99041,0.9925,0.99799,0.99893,0.99066,0.9739,0.95411,0.93836,0.93171,0.93506,0.94535,0.9546,0.96538,0.974,0.97781,0.97776,0.97255,0.95993,0.93796,0.90675,0.86941,0.83141,0.7985,0.77419,0.75844,0.74821,0.73971,0.7326,0.72362,0.71692,0.71464,0.71709,0.72232,0.72717,0.72921,0.72823,0.72649,0.72735,0.73317,0.74364,0.75571,0.7651,0.7685,0.76502,0.75621,0.74481,0.73308,0.7219,0.71089,0.6992,0.68658,0.67366,0.66165,0.6471,0.63902,0.6326,0.62754,0.62448,0.62494,0.63039,0.64093,0.65444,0.66705,0.67472,0.6752,0.66916,0.65984,0.65121,0.64595,0.64413,0.64355,0.6414,0.63619,0.62883,0.6221,0.61888,0.62015,0.62414,0.627,0.62488,0.6159,0.60109,0.58345,0.56613,0.55066,0.53642,0.52163,0.50514,0.48783,0.47477,0.46595,0.46547,0.4723,0.48202,0.48875,0.48808,0.4793,0.46589,0.45379,0.44843,0.45199,0.46216,0.47311,0.47813,0.47268,0.45642,0.43336,0.41027,0.39393,0.38872,0.39513,0.40978,0.42679,0.43994,0.44483,0.44025,0.42829,0.41333,0.40025,0.39254,0.39097,0.39345,0.39607,0.39503,0.38831,0.37651,0.36235,0.34914,0.3384,0.33125,0.32488,0.31574,0.30101,0.28027,0.25613,0.23332,0.21675,0.2096,0.21226,0.22257,0.23703,0.25223,0.26599,0.27758,0.2872,0.29489,0.29967,0.29956,0.29254,0.27787
LPP,all ,0.031614,0.03371,0.037498,0.041213,0.042474,0.039914,0.033168,0.024148,0.014499,0.006122,0.00015601,-0.0033526,-0.0052652,-0.0067094,-0.007935,-0.0093981,-0.0094674,-0.006811,-0.0008669,0.0075798,0.016639,0.023507,0.027434,0.027319,0.023964,0.019106,0.014416,0.01124,0.0093862,0.0079095,0.0056796,0.0019677,-0.0026283,-0.0072286,-0.010628,-0.012066,-0.011681,-0.010621,-0.010671,-0.013525,-0.019941,-0.029187,-0.03874,-0.046381,-0.049615,-0.047176,-0.039945,-0.030715,-0.023336,-0.021142,-0.025633,-0.035768,-0.048259,-0.059336,-0.066419,-0.069331,-0.070232,-0.072351,-0.077738,-0.087359,-0.098381,-0.10691,-0.10966,-0.10616,-0.098703,-0.091982,-0.08937,-0.091403,-0.094618,-0.092612,-0.079137,-0.049132,-0.0035834,0.052543,0.11171,0.16668,0.21297,0.24957,0.27888,0.30354,0.32545,0.34454,0.35896,0.36608,0.36335,0.3494,0.32425,0.28801,0.24202,0.18774,0.12615,0.059997,-0.0073776,-0.072005,-0.12974,-0.17674,-0.21009,-0.22699,-0.22713,-0.21085,-0.18009,-0.13852,-0.090289,-0.040069,0.0087213,0.054657,0.098207,0.14246,0.18907,0.2393,0.29226,0.34522,0.39475,0.43814,0.47411,0.50512,0.53359,0.56275,0.5949,0.63085,0.66996,0.71083,0.75196,0.79225,0.83098,0.86756,0.90121,0.9309,0.95574,0.97539,0.99033,1.0016,1.0103,1.0168,1.0213,1.022,1.0175,1.0076,0.99196,0.97136,0.94722,0.92104,0.89413,0.8676,0.84264,0.82058,0.80277,0.79024,0.78258,0.77867,0.77693,0.77432,0.76998,0.76399,0.75801,0.75387,0.75351,0.75734,0.76409,0.77131,0.77662,0.77873,0.77804,0.77648,0.77666,0.7806,0.78868,0.79937,0.80943,0.81666,0.8194,0.81755,0.81305,0.8086,0.80617,0.80641,0.80844,0.81035,0.81035,0.80758,0.80278,0.79803,0.79376,0.7912,0.7899,0.78856,0.78494,0.77919,0.77246,0.76653,0.76319,0.76294,0.76501,0.76651,0.76436,0.75642,0.7425,0.7243,0.70438,0.68608,0.67115,0.65981,0.6511,0.64352,0.63577,0.62743,0.61883,0.61054,0.60284,0.59553,0.58754,0.57955,0.57088,0.56182,0.55236,0.54324,0.53385,0.52358,0.51153,0.49749,0.4808,0.46288,0.44513,0.42876,0.41438,0.40148,0.38936,0.37726,0.36495,0.35275,0.34244,0.33489,0.33102,0.33049,0.33187,0.33314,0.33252,0.32904,0.32288,0.31525,0.30782,0.30141,0.29695,0.29436,0.29305,0.29242,0.29231,0.29258,0.29336,0.29422,0.29421,0.29213,0.28689,0.27924,0.27014,0.26176,0.2564,0.25553,0.25904,0.26552,0.27217,0.27716,0.27985,0.28086,0.28187,0.28426,0.28833,0.29289,0.29563,0.29438,0.28814,0.2778,0.26586,0.25539,0.24878,0.24681,0.24858,0.25182,0.25499,0.25633,0.25556,0.25345,0.25114,0.2494,0.24823,0.24638,0.24383,0.23942,0.23301,0.22497,0.21608,0.20723,0.19911,0.19189,0.186,0.18107,0.17686,0.1732,0.1699,0.16674,0.16357,0.16042,0.15762,0.15554,0.15433,0.15367,0.15283