participant,bin,P1,N1,EPN,LPP
pilot10,6,2.9155,-0.39519,1.6265,-0.14063
pilot10,1,1.6466,-1.9945,-2.1526,1.6886
pilot10,5,3.7804,-4.0568,0.040812,2.9386
pilot10,2,1.8273,-0.073044,-0.84237,7.344
pilot10,2,2.0744,-9.2921,-0.61963,-1.4315
pilot10,7,4.3658,-8.5337,-6.9085,2.1614
pilot10,3,-1.5338,-6.6626,-2.5016,7.9651
pilot10,2,6.6936,-0.43844,3.119,-1.1982
pilot10,1,-0.14987,-7.1703,-5.7174,-1.4179
pilot10,8,-0.92011,-5.6227,3.3414,-1.5864
pilot10,2,4.4111,-6.1724,-7.3676,-3.3266
pilot10,8,0.1991,1.7592,6.3828,1.1356
pilot10,1,-0.83704,-4.2444,-1.7056,-1.6814
pilot10,3,-3.7835,-7.87,-4.9742,-1.3359
pilot10,6,4.3897,-3.6708,2.4088,-0.53742
pilot10,7,0.84877,-5.0437,-0.20692,-0.79171
pilot10,6,2.0747,-1.9564,2.9974,2.0753
pilot10,7,4.0564,-9.1515,-6.9002,-0.67658
pilot10,8,1.3895,-5.2462,-1.001,-0.80976
pilot10,2,2.9645,-0.54612,5.268,2.168
pilot10,7,7.6754,1.6515,-1.1378,-0.39637
pilot10,8,-4.1513,-4.0989,-10.3942,0.71503
pilot10,8,-2.1104,1.9623,-3.5792,2.7675
pilot10,3,1.6492,-4.4237,-4.2689,0.89789
pilot10,2,1.4781,-3.4828,-2.1058,0.15157
pilot10,7,5.8338,-2.6261,4.2471,-0.66075
pilot10,5,0.46804,-3.8648,-1.7595,-1.0042
pilot10,5,5.6781,-3.2795,-4.1582,1.0062
pilot10,8,-3.1209,-7.2154,-2.349,2.1715
pilot10,5,2.9433,-0.8766,1.1433,1.2362
pilot10,6,5.7272,-6.2146,-0.3107,3.5685
pilot10,6,-4.4402,-10.8971,-11.5163,3.7186
pilot10,1,2.0783,-9.9354,-1.6841,-2.0009
pilot10,5,1.7346,-6.227,-7.603,4.2374
pilot10,5,3.6398,1.1683,1.6286,-2.7342
pilot10,3,1.9738,-6.3662,-3.9137,-3.2832
pilot10,6,2.4049,-6.4677,4.4187,-0.53444
pilot10,6,3.0369,-0.34216,-4.1786,0.75098
pilot10,5,-3.1813,-8.9284,-8.7427,1.1861
pilot10,8,0.18963,-4.7605,-5.675,3.258
pilot10,2,-5.0231,-2.048,-4.322,-0.16022
pilot10,6,-0.80125,-4.5977,3.0439,-0.89742
pilot10,5,8.0762,-2.2435,3.7634,2.799
pilot10,5,6.1059,-6.454,-4.9909,-3.4353
pilot10,6,-1.0663,-3.8717,0.22292,1.2512
pilot10,3,1.3635,-9.38,-2.8057,6.7356
pilot10,4,1.2603,1.2615,-3.4966,1.1508
pilot10,7,-5.0496,-8.7527,-9.699,4.7808
pilot10,7,-1.1498,-9.6613,-8.3299,3.9991
pilot10,8,5.637,3.9224,-1.163,-1.5463
pilot10,1,4.0479,-1.3228,-2.4596,-1.2204
pilot10,4,-2.5148,-4.1109,-2.3574,-3.5262
pilot10,1,5.9102,-5.5077,0.087477,0.91217
pilot10,4,2.1057,-2.3191,-4.2163,2.3241
pilot10,4,-0.7398,3.1144,-5.8313,0.21595
pilot10,1,4.6102,-3.0401,-0.91273,2.3449
pilot10,2,-1.1727,-8.5313,-8.6767,-5.1165
pilot10,3,4.4532,-2.1284,2.7576,-1.2134
pilot10,4,-1.8948,-6.3547,-6.6142,2.0105
pilot10,8,3.1461,-3.2155,-2.3289,5.0788
pilot10,2,4.0152,-5.1745,2.0984,-0.52042
pilot10,4,-1.2325,0.71026,-0.34826,1.7545
pilot10,3,0.49729,-3.9598,-2.1322,2.1809
pilot10,1,2.0744,-3.969,-6.2618,-0.30088
pilot10,2,2.5745,-6.5901,-1.6357,1.4851
pilot10,6,4.6289,-3.8359,-4.0238,-4.108
pilot10,2,-1.7113,-6.123,-5.1913,-3.6313
pilot10,5,3.3388,-5.5125,0.9898,0.5811
pilot10,7,6.6676,-4.9108,-9.6516,5.1385
pilot10,4,1.4569,3.5031,0.39263,3.4563
pilot10,4,1.6106,1.2429,2.5455,-0.54929
pilot10,6,3.2027,-2.941,2.9395,-0.68546
pilot10,4,-2.1033,2.1173,-1.4412,-2.1361
pilot10,2,1.0266,-2.7193,-0.5492,0.79686
pilot10,6,6.7696,-4.0985,-4.1256,-0.59064
pilot10,3,0.13157,-2.1978,-3.2161,-2.0699
pilot10,2,-1.093,-10.8457,-6.1954,-0.29102
pilot10,7,0.70242,-3.962,0.46037,3.2444
pilot10,7,8.3438,0.23938,-2.5526,1.8485
pilot10,4,-2.7215,-0.65725,-4.4236,1.298
pilot10,1,3.1664,-7.4674,-6.0694,0.77826
pilot10,4,2.7283,-2.9174,-9.8327,-0.43823
pilot10,3,1.4464,-4.7297,-2.7654,-0.77843
pilot10,1,5.3587,-9.6309,-6.5462,2.3967
pilot10,8,1.8463,-2.1189,0.98998,1.8876
pilot10,7,5.3217,-4.0806,-3.3689,2.8925
pilot10,8,2.0068,-0.51082,2.0616,-0.16272
pilot10,3,1.1367,0.23838,-5.7351,3.0616
pilot10,3,3.1503,-4.8728,-2.1272,2.8377
pilot10,7,1.5226,-5.3653,-3.3005,3.2824
pilot10,6,1.1116,-7.9401,-2.5758,-1.4131
pilot10,1,3.2608,-3.1945,-1.6664,1.9213
pilot10,1,2.9178,-6.3491,-6.4849,1.5415
pilot10,8,-5.5321,-6.8716,-5.7337,3.585
pilot10,6,7.7717,1.1735,1.3568,-1.4344
pilot10,1,4.5378,-0.67552,-2.857,4.94
pilot10,3,0.8868,-2.6176,-6.331,0.87439
pilot10,3,0.064924,-9.9982,-9.2679,1.8676
pilot10,5,4.2654,-3.537,-2.0685,-1.6548
pilot10,4,1.1264,-0.93187,-1.2105,-4.1558
pilot10,6,6.3842,-3.366,-2.3446,-0.97449
pilot10,3,0.85295,-5.7208,-2.0452,2.7235
pilot10,1,2.8775,-6.7147,-4.4834,1.6399
pilot10,6,2.5392,-13.2115,-7.0487,2.7318
pilot10,5,6.8761,-9.2596,-5.9172,-0.35418
pilot10,8,0.21555,1.6487,-3.5254,-1.6417
pilot10,3,2.0082,-4.7181,-4.4491,4.3994
pilot10,3,-3.3953,-4.9726,-9.8863,-0.35005
pilot10,5,3.3368,-3.798,0.65663,-3.3058
pilot10,3,0.029652,2.4291,-5.0739,-0.44087
pilot10,1,1.0076,-7.2715,-2.6379,-1.2809
pilot10,2,0.41293,-2.1955,-3.3924,-0.27678
pilot10,2,2.9245,-0.55432,-1.6129,0.76893
pilot10,6,-0.060099,-9.85,-5.4905,1.7812
pilot10,2,0.37188,-7.2789,-0.14656,-0.70843
pilot10,8,0.031661,-5.5026,-5.0168,2.6716
pilot10,4,1.8722,-2.0804,-1.9607,1.9075
pilot10,3,-0.49496,-7.5925,-8.7505,1.721
pilot10,1,3.9902,-12.4779,-5.8056,1.3456
pilot10,7,3.825,-0.76332,0.19588,0.19165
pilot10,8,-2.204,-1.9206,1.6004,0.90299
pilot10,3,7.846,-0.022937,0.4696,-0.94848
pilot10,2,2.7346,-1.1408,-0.57627,-1.8585
pilot10,8,1.0197,-3.304,-0.56287,0.3841
pilot10,4,0.50416,0.11105,-0.060761,0.84516
pilot10,1,-1.5679,-5.3206,-5.1997,2.2266
pilot10,6,-0.67038,-2.4891,1.1059,-1.6086
pilot10,4,-3.4566,-1.8274,-3.5315,-1.7531
pilot10,2,7.8532,-8.4733,-3.4183,-1.3991
pilot10,4,-1.4984,-3.7078,-3.7575,0.62768
pilot10,5,2.0998,-6.4624,-2.2784,2.0919
pilot10,3,5.0299,-0.68331,-2.5022,0.43613
pilot10,3,-1.4619,-1.3261,-4.4258,-0.31507
pilot10,8,-0.43809,-1.5293,1.085,2.8674
pilot10,5,-1.6441,-9.2997,-10.1071,0.62511
pilot10,3,3.8388,4.1623,-0.46612,2.2476
pilot10,8,3.5094,-0.78271,0.80372,0.18842
pilot10,6,8.34,-0.12363,-3.0584,-5.2502
pilot10,2,3.0255,-3.3651,-3.3249,0.87951
pilot10,6,1.1669,-6.036,-6.4556,-0.29343
pilot10,5,6.6541,-4.5694,-4.1809,0.042735
pilot10,8,4.777,3.6962,0.55552,2.9039
pilot10,8,-7.5429,-3.5839,-5.3672,1.9459
pilot10,1,7.4519,-0.51525,2.9863,2.054
pilot10,3,-1.7162,-1.1004,-4.1455,-1.4462
pilot10,1,6.9508,-1.7745,2.6632,0.1948
pilot10,1,1.423,1.7938,-4.1758,0.97537
pilot10,5,6.5043,0.98304,0.14568,3.598
pilot10,3,3.4482,5.4357,1.5784,2.6219
pilot10,2,0.020399,-6.1596,-6.5262,3.0245
pilot10,4,-4.7626,-5.1554,-2.541,-1.1592
pilot10,8,-5.3998,-8.1236,-7.3321,3.1579
pilot10,2,5.3177,-9.08,-4.2697,2.1251
pilot10,4,3.8276,1.4881,-2.9759,7.1365
pilot10,4,1.3243,-3.8712,-7.3988,2.1376
pilot10,8,-1.6357,-0.63789,-5.1952,-1.3499
pilot10,1,-0.84338,-5.3683,-0.2642,3.8904
pilot10,3,4.3818,-2.294,2.0911,1.7893
pilot10,5,-1.5127,-3.913,-4.2767,-0.24551
pilot10,3,-10.2408,-16.8132,-14.4614,3.7594
pilot10,8,-4.5451,-3.2633,-0.68392,-0.68007
pilot10,3,5.4107,-7.0386,-1.4321,2.7255
pilot10,5,5.9584,-3.0896,0.006827,0.53591
pilot10,6,6.0194,2.0394,-1.2605,0.69506
pilot10,4,-1.7572,-3.7519,-7.0753,-0.7636
pilot10,7,7.1687,-0.65939,-4.044,-0.051451
pilot10,2,9.0435,2.5883,1.7565,-3.1174
pilot10,8,2.0855,4.372,0.29101,1.2213
pilot10,4,0.24265,-1.7943,-0.14821,6.1254
pilot10,2,4.1653,2.1388,-5.7216,-0.22254
pilot10,3,6.4867,2.1499,0.51861,1.3139
pilot10,1,0.49804,-8.2686,-5.8903,2.013
pilot10,1,4.2265,-3.4064,-1.7687,-0.74216
pilot10,7,3.7366,-6.1919,-4.9426,-0.27124
pilot10,2,0.01367,-4.7149,-4.2355,-0.41889
pilot10,5,5.791,-6.4086,-7.1162,1.616
pilot10,1,-3.379,-8.836,-6.3831,5.257
pilot10,8,-2.023,2.2705,3.0172,1.753
pilot10,8,-1.9762,-4.0751,-1.9277,-0.4442
pilot10,2,9.2749,-0.56636,0.21038,0.12183
pilot10,3,3.4376,-1.0084,-0.73166,-0.24583
pilot10,8,-0.12309,3.4818,-3.4982,2.1113
pilot10,1,6.0894,-2.6319,-1.0472,2.2938
pilot10,7,5.6725,0.099892,-2.0919,-0.60388
pilot10,7,-0.93373,-0.061918,-5.0444,0.11243
pilot10,2,2.2954,-2.411,0.26418,-1.8652
pilot10,2,0.094097,-1.7932,-1.5235,0.14725
pilot10,1,4.9673,-4.5944,-1.8176,-0.68645
pilot10,3,3.346,-1.4049,-1.6789,4.6122
pilot10,4,2.987,1.5389,2.1217,-0.90295
pilot10,4,-9.3304,-3.9784,-8.1788,6.0834
pilot10,4,4.4971,2.1692,-0.99782,0.015519
pilot10,6,1.6504,-5.0347,-0.98004,2.3517
pilot10,3,-0.94878,-4.4558,-5.5682,0.57241
pilot10,3,0.34124,-1.0755,0.47152,-0.68669
pilot10,8,1.6888,-0.96321,-0.31361,-1.4962
pilot10,1,3.989,-7.9172,3.8869,-0.90553
pilot10,5,-0.011823,-2.0943,0.3161,-1.9912
pilot10,3,1.7838,-3.3053,-2.0387,-1.2395
pilot10,2,-1.231,-8.6348,-2.0667,1.8414
pilot10,4,-0.85134,1.4055,5.0975,-1.7466
pilot10,8,-0.70032,0.3023,-1.4906,0.80118
pilot10,2,2.4478,-6.8239,-2.0188,-1.1982
pilot10,2,-2.1447,-7.9712,-5.8005,-0.43268
pilot10,5,-0.14435,-2.5997,-7.587,-0.8614
pilot10,5,3.4354,-0.67275,-4.3969,-0.39453
pilot10,3,-0.55843,-2.4789,-2.6615,-1.8814
pilot10,7,2.8243,-0.5347,-4.1808,2.9045
pilot10,3,-4.0044,-6.4994,-1.2052,-1.9701
pilot10,8,2.8288,-2.2633,-2.1588,3.9364
pilot10,4,-1.1652,3.653,3.2794,0.39679
pilot10,4,3.8361,3.9469,6.4507,-2.2467
pilot10,8,5.3483,2.2654,-2.3291,-0.96195
pilot10,4,0.75645,0.35059,-1.6431,-0.33707
pilot10,3,0.021798,-5.6685,-8.3483,3.7551
pilot10,4,-2.951,1.7229,1.2914,0.33613
pilot10,6,6.1588,-4.1935,-4.1882,3.5804
pilot10,7,-3.8036,-9.0026,-10.8071,2.7788
pilot10,5,1.8648,-1.5755,2.9766,1.0085
pilot10,7,-3.3395,-4.4735,-9.6475,0.82885
pilot10,7,2.6589,-5.0623,-4.1166,0.063971
pilot10,1,4.258,-5.8539,-2.3707,-1.0073
pilot10,5,6.4307,-4.0643,-0.75489,1.5108
pilot10,4,-5.769,0.24104,1.8982,0.30362
pilot10,8,0.96137,2.5653,-4.762,-1.3284
pilot10,5,2.0945,-5.239,-1.5271,0.68636
pilot10,7,0.56613,-1.3129,-2.2282,0.11983
pilot10,3,3.2199,-4.7517,-3.6426,2.3956
pilot10,1,3.494,-0.15069,0.843,-1.7443
pilot10,1,2.9136,-9.6019,-10.0898,1.8769
pilot10,6,1.0337,-4.1229,-3.1454,0.8029
pilot10,1,2.5024,-4.6853,-3.1302,1.0512
pilot10,4,2.0098,2.8238,-2.444,0.53049
pilot10,4,-2.2564,-0.091567,-2.6963,1.2221
pilot10,4,-1.3399,-0.74753,-0.99823,5.9105
pilot10,1,3.4578,-10.4939,-6.9961,1.8024
pilot10,5,8.1711,-5.6307,-4.9445,4.971
pilot10,5,0.1982,-4.7894,-7.6288,-0.48669
pilot10,1,1.795,-4.3692,-2.0531,0.75216
pilot10,4,2.874,4.2462,0.83444,3.1956
pilot10,2,0.84399,-5.1613,-1.8108,1.7822
pilot10,3,2.5734,-1.4015,-0.33597,2.9607
pilot10,5,5.8505,0.44834,-0.20252,2.0463
pilot10,3,-0.4197,-4.2828,-2.7086,5.5459
pilot10,5,2.8685,-1.8911,-1.9642,5.4552
pilot10,6,6.351,2.1957,-0.061801,3.4722
pilot10,4,2.8723,2.8347,-1.9729,4.0564
pilot10,6,-0.012276,-1.1764,3.0323,3.7119
pilot10,4,1.8589,-0.4111,-0.99972,0.57255
pilot10,4,-1.182,-4.1415,5.6894,-0.15207
pilot10,8,2.286,-0.74102,-1.7525,0.30884
pilot10,7,1.0328,-7.678,-18.5673,-1.8903
pilot10,6,2.3375,-6.0621,-1.8112,-2.7977
pilot10,2,8.4959,0.26,-1.3919,-1.3572
pilot10,8,3.9024,1.4266,-4.8797,-3.2815
pilot10,1,-1.5261,-8.1432,-8.0047,4.3542
pilot10,1,1.9013,0.32739,2.4344,1.9875
pilot10,1,-0.36016,-0.59484,0.18071,-1.2216
pilot10,7,7.7931,-4.1928,-4.8518,-0.0602
pilot10,4,-0.20346,-2.3517,-4.015,-1.5527
pilot10,5,1.7194,-0.66115,-0.79565,-1.4449
pilot10,4,-4.3248,-3.4725,-0.24825,-2.807
pilot10,3,4.9727,2.4573,-4.1996,3.2116
pilot10,6,2.8991,-6.5884,-2.5139,1.7978
pilot10,3,7.5469,-0.18484,-3.166,7.334
pilot10,4,-0.52309,5.47,-5.5262,1.0555
pilot10,7,-1.5083,-5.0664,-5.2705,3.3229
pilot10,7,1.4409,-7.188,-5.8964,-2.0415
pilot10,1,8.4965,-0.11262,1.2446,5.2977
pilot10,2,1.438,-1.9151,1.634,-0.80942
pilot10,2,1.9857,-8.7312,-1.2721,2.9464
pilot10,8,2.2148,-4.7503,4.4268,1.4655
pilot10,4,2.7796,2.8365,1.2065,0.71118
pilot10,4,-2.2607,0.6376,0.44405,-1.5961
pilot10,1,5.0156,-3.1049,-2.0473,1.6387
pilot10,8,3.106,-3.3991,-8.8006,0.83851
pilot10,4,0.58739,1.7393,-4.2224,-0.088585
pilot10,6,0.14555,-4.3958,-2.3804,-0.99375
pilot10,8,-1.4146,1.5977,-4.3379,-1.063
pilot10,4,-1.1541,-0.44535,-3.6491,1.9404
pilot10,8,1.9447,1.3789,-1.0186,0.26313
pilot10,1,4.992,-9.3213,-1.707,0.46698
pilot10,6,0.52918,-6.9702,-6.3567,5.9418
pilot10,1,-1.3044,-8.3585,-9.041,2.3568
pilot10,7,8.7767,-0.69461,-2.7934,1.0601
pilot10,7,-2.0598,-9.6398,-12.6544,1.419
pilot10,8,3.9464,0.026543,5.6106,-0.57216
pilot10,3,3.4348,2.7802,-4.2476,0.18101
pilot10,6,3.8994,-3.645,-0.28665,2.8016
pilot10,8,5.6676,0.27841,-4.8478,-1.1498
pilot10,2,0.84338,-6.3203,-4.9642,-1.3769
pilot10,3,4.2765,-8.2238,-10.6457,-1.0452
pilot10,1,-2.1516,-13.6503,-7.641,7.1728
pilot10,1,4.339,-6.1329,-6.1577,-0.88406
pilot10,6,1.7661,-10.9441,-2.9013,4.6124
pilot10,1,-0.51108,-9.2544,-3.3056,0.024743
pilot10,4,3.0653,7.2358,-1.0077,1.6088
pilot10,5,3.5443,-6.3086,-2.9504,0.31038
pilot10,8,3.1215,-1.187,1.2947,0.41094
pilot10,4,3.083,-2.1372,0.58551,1.4373
pilot10,1,5.525,0.85981,2.6261,2.4128
pilot10,5,0.76437,-3.046,-5.2773,0.90686
pilot10,5,4.9424,-1.1862,0.42699,1.0766
pilot10,5,6.9401,3.4432,3.0921,-0.64922
pilot10,8,-3.1483,-6.3668,-3.1134,2.6836
pilot10,6,3.1566,-3.2504,-0.69486,1.4066
pilot10,5,1.093,-6.4733,-4.5922,-3.9363
pilot10,1,2.6968,-10.7985,-3.2577,-1.684
pilot10,4,1.4086,1.3354,2.2218,-0.5226
pilot10,6,4.1015,-8.089,-7.0688,2.2799
pilot10,7,-3.5984,-7.2954,-10.4414,3.5714
pilot10,7,10.4131,9.0482,2.3687,1.3097
pilot10,6,2.4954,-6.1545,-7.7612,-0.47024
pilot10,5,0.44655,-13.7078,-9.5454,-0.91101
pilot10,2,3.3125,-8.8227,-5.3201,2.4829
pilot10,8,-9.3137,-7.3805,-0.39138,5.1745
pilot10,4,-0.93518,-4.1908,-3.1192,6.5199
pilot10,7,1.96,-5.1673,-6.6884,1.4718
pilot10,4,2.7765,0.16169,1.7112,-0.063272
pilot10,7,4.4299,-4.5779,-8.1889,-4.2529
pilot10,8,0.65398,4.0641,-1.0672,1.2876
pilot10,7,2.035,-2.4028,-1.8942,0.14139
pilot10,6,-2.0158,-13.0209,-6.6161,1.8392
pilot10,2,0.92032,-4.9418,-2.2388,1.286
pilot10,3,0.66209,-4.0478,-8.7913,-0.76174
pilot10,5,-0.35023,-4.7906,-2.2144,-0.42827
pilot10,2,-0.075316,-12.5401,-5.1122,1.5372
pilot10,6,8.1668,-3.939,1.6415,5.7231
pilot10,3,8.2392,-1.6745,3.005,0.81684
pilot10,6,-1.502,-9.5216,-10.8215,2.2841
pilot10,3,3.3872,-8.2862,-6.883,-0.022361
pilot10,8,-1.0093,0.67416,-1.9398,1.7251
pilot10,6,2.0788,-7.6416,-3.2748,3.432
pilot10,3,-2.7601,-8.2782,-2.4769,-0.24886
pilot10,5,-0.4709,-6.0144,-5.0585,0.099803
pilot10,6,3.2816,-2.4672,-0.033847,1.0279
pilot10,6,6.4624,-1.694,1.6014,-3.3349
pilot10,2,-2.8214,-9.9301,-5.6007,-1.4588
pilot10,7,9.8911,-1.4374,1.7218,-2.9491
pilot10,6,0.22291,-7.2154,-3.6208,-2.9043
pilot10,6,3.6369,-6.8028,0.96037,1.8557
pilot10,3,2.8783,-5.3591,-4.3997,1.7666
pilot10,2,9.9526,-4.429,-1.6597,2.5572
pilot10,3,8.7141,-2.0898,-11.7894,2.3064
pilot10,5,2.0777,-3.7533,-1.6288,-2.4733
pilot10,2,3.0628,-2.765,-1.8197,1.899
pilot10,2,-3.5001,-11.1102,-10.1743,0.81973
pilot10,8,2.6891,4.5382,0.78372,1.5806
pilot10,8,-8.1556,-5.7721,-7.3016,5.0316
pilot10,8,-1.9148,-1.944,-2.0453,4.2962
pilot10,7,1.4274,-2.3704,-2.8222,1.6181
pilot10,8,5.319,0.32111,0.38662,-1.8467
pilot10,8,-7.9519,-2.5491,-7.7221,3.8973
pilot10,5,8.094,-5.1621,-7.6292,2.7958
pilot10,2,-0.11184,-3.8575,-8.3336,-2.1548
pilot10,7,-1.3027,-10.146,-7.8177,1.0807
pilot10,5,-1.4399,-6.2589,-7.2036,2.0644
pilot10,7,7.2635,-5.5986,-1.9409,0.24134
pilot10,2,-4.7231,-7.6259,-7.7846,4.559
pilot10,2,-0.73796,-7.7765,-3.2543,0.10329
pilot10,1,2.9091,-4.9367,-4.3929,2.5786
pilot10,7,6.5334,-0.4223,1.1975,2.7408
pilot10,8,6.5751,4.0615,3.8503,-1.6245
pilot10,4,-0.64161,-1.7226,-4.5232,0.34627
pilot10,7,3.0306,-4.8799,0.041524,-0.52018
pilot10,5,2.2003,-5.4433,-4.4825,0.7001
pilot10,5,0.023115,-0.93957,-5.8716,-0.036884
pilot10,8,1.4832,3.3468,9.0103,0.85381
pilot10,8,4.6857,5.0617,2.2925,4.3149
pilot10,2,-1.7683,-7.288,-2.8133,4.0247
pilot10,6,1.4716,-13.7527,-8.1631,2.3943
pilot10,5,-0.34797,-8.6847,-6.7771,-4.7269
pilot10,7,0.72837,-4.9809,-2.8807,2.695
pilot10,7,1.5625,-10.9642,-3.8074,1.5294
pilot10,7,6.7296,-3.1652,-2.9059,2.4733
pilot10,2,-0.91288,-13.7266,-9.1985,-1.3151
pilot10,8,1.4706,-4.6788,-6.3996,-1.0435
pilot10,7,4.2645,-2.7861,-0.088145,1.6295
pilot10,1,3.5045,-3.8221,-3.0417,3.2014
pilot10,2,3.9196,1.0161,-0.52168,-6.1812
pilot10,1,1.7297,-5.3151,-0.065374,2.9393
pilot10,7,5.159,-6.2105,-3.4519,1.7841
pilot10,7,0.018734,3.4763,-7.0948,5.0864
pilot10,2,9.0387,2.5572,-0.5163,0.93843
pilot10,1,3.8241,-4.9816,3.3186,-1.3035
pilot10,4,4.5406,2.2638,0.29892,-0.40434
pilot10,1,3.5072,-11.7235,-2.7413,-1.1251
pilot10,6,0.49823,-5.6758,-8.0314,-1.2435
pilot10,3,2.4057,-1.1574,-5.6219,0.015976
pilot10,6,2.5596,-5.9677,-8.8917,-2.7677
pilot10,5,-2.7491,-8.3265,-2.3204,2.0267
pilot10,7,4.1133,-2.1318,-4.7345,1.5749
pilot10,6,3.8347,-5.8447,-1.2829,2.4261
pilot10,7,2.9052,-6.5263,-2.2527,0.70775
pilot10,5,0.79004,-12.1444,-5.5759,1.5521
pilot10,8,0.9649,-2.6631,-4.7034,-1.096
pilot10,3,-2.3062,-12.2819,-3.5094,-2.0633
pilot10,8,-2.9778,-6.4244,-5.6186,3.6702
pilot10,8,1.4119,3.5674,-0.5499,3.9755
pilot10,2,3.7604,-3.5708,0.96947,1.3134
pilot10,6,2.2108,-4.6856,-0.73167,-1.6202
pilot10,5,2.7251,-5.2309,1.2094,2.1163
pilot10,7,2.7966,-8.6611,-4.0377,0.67551
pilot10,3,5.345,-9.0698,-4.8836,5.457
pilot10,3,0.54597,-5.2221,-3.1683,-1.1465
pilot10,6,8.5549,0.74409,0.80582,-3.7072
pilot10,1,9.4181,-3.9248,-1.1353,3.874
pilot10,7,3.9519,-3.9652,-7.2147,-0.88953
pilot10,2,-3.0946,-8.1941,-7.9981,4.2471
pilot10,5,-5.4396,-15.6458,-11.5476,4.1686
pilot10,3,5.0535,-4.7175,-3.7125,0.61249
pilot10,2,6.3588,-0.63414,-0.50669,-0.59682
pilot10,5,5.483,-1.9707,-3.1767,3.8911
pilot10,2,-0.63836,-7.1234,-6.0219,0.070666
pilot10,4,0.61605,-4.5461,-4.1674,2.7888
pilot10,4,-2.8498,0.19544,-4.0057,4.8718
pilot10,3,6.5157,-4.066,1.1795,0.96722
pilot10,6,6.5566,-3.2642,-0.45974,3.4416
pilot10,4,-5.8329,-2.218,-1.97,-1.0805
pilot10,1,5.2286,-4.3095,-7.225,2.1998
pilot10,2,5.5164,-3.3579,3.1708,-2.3056
pilot10,7,1.8923,-9.5091,-8.0686,2.1953
pilot10,3,2.537,-1.5514,0.48021,-1.0237
pilot10,7,1.3083,-0.15846,-2.0167,2.1232
pilot10,6,4.4279,-8.4262,1.757,1.6067
pilot10,1,5.7935,2.9187,1.7487,-0.9409
pilot10,6,2.4063,-3.1086,2.1352,-1.3809
pilot10,2,1.5085,-5.0517,-3.8954,-1.8843
pilot10,7,-3.1515,-7.7398,-7.8436,0.19511
pilot10,2,-1.711,-8.7138,-8.3178,6.8841
pilot10,1,0.63945,-8.902,-5.8356,0.64589
pilot10,6,1.8605,-7.6182,0.58494,-1.1584
pilot10,1,3.4055,-5.6622,-3.8408,1.2335
pilot10,7,-1.1332,-3.9459,-5.2705,0.96037
pilot10,7,6.5074,1.0856,-4.7533,-0.51003
pilot10,1,4.4188,-0.3659,-3.0006,-1.103
pilot10,7,-0.6848,-8.76,-5.1255,2.3151
pilot10,5,2.768,-5.8763,-3.8338,-5.5452
pilot10,2,-0.68476,-6.0189,-4.7666,7.546
pilot10,5,-1.1872,-8.7785,-7.1648,-2.2612
pilot10,6,1.3377,-1.7924,2.769,-0.66607
pilot10,4,1.732,-1.1075,1.8275,-0.95202
pilot10,5,0.85155,-10.2429,-4.9298,0.89369
pilot10,4,-1.0016,-3.6079,1.3716,5.3859
pilot10,5,1.951,-6.8304,-3.9472,2.4917
pilot10,6,4.7028,-4.1869,-2.2661,2.3327
pilot10,5,-0.6086,-1.1403,-2.0555,-0.83459
pilot10,8,-1.6931,-3.6611,-6.8257,1.4627
pilot10,7,4.5344,-10.0883,-7.5058,0.56902
pilot10,6,4.2421,-6.8422,3.0782,-0.97291
pilot10,2,0.79144,-10.445,-5.5135,-3.7055
pilot10,1,4.2461,1.8026,3.2149,0.12917
pilot10,2,-2.3549,-10.0715,-9.2544,-0.093621
pilot10,7,6.2885,-4.2827,-2.6438,-0.73033
pilot10,3,6.5071,-4.6334,-4.117,0.90974
pilot10,4,2.4619,3.6603,1.3262,-1.4121
pilot10,3,3.4035,-0.61036,-1.4519,-1.1677
pilot10,5,-0.040825,-7.5406,-0.69333,-0.90604
pilot10,6,8.0578,-2.3336,-3.6925,0.46167
pilot10,4,6.0417,-0.35638,-3.8531,3.9933
pilot10,3,2.263,-3.6496,-5.6827,-0.63097
pilot10,5,5.7544,-4.4578,-0.85906,-4.9864
pilot10,4,-0.017941,-3.2846,3.5882,0.9009
pilot10,2,2.8091,-7.0168,-4.6455,1.0874
pilot10,6,0.028014,-10.4262,-11.0673,-2.5136
pilot10,1,3.2448,-2.4828,0.55451,1.4911
pilot10,6,1.2405,-6.937,-1.0263,-0.43287
pilot10,7,3.781,-6.1588,-5.2674,3.8795
pilot10,5,0.1136,-1.342,5.6559,-0.50123
pilot10,3,0.10121,-9.5116,-10.1068,2.649
pilot10,5,0.78324,-5.0329,-11.471,0.028517
pilot10,7,-0.085456,-8.9214,-4.3585,0.18063
pilot10,1,1.4747,-3.9062,-6.1611,-0.16522
pilot10,7,11.0664,-2.3202,-0.14029,-1.2226
pilot10,6,-0.24121,-4.2454,-8.4882,0.33161
pilot10,5,8.5854,-3.5301,-3.5977,0.52327
pilot10,8,1.3008,3.4517,1.3848,1.8222
pilot10,4,0.37376,4.7321,0.13928,2.4599
pilot10,1,4.7776,-4.3289,0.044499,2.2494
pilot10,8,-4.1866,-3.8132,-2.3131,2.6716
pilot11,7,2.7638,-3.9569,-2.5284,0.84684
pilot11,7,-0.36687,3.4382,0.82824,2.3775
pilot11,8,2.5097,2.0306,1.2726,-3.4987
pilot11,6,2.0696,-3.4792,0.21707,-0.27427
pilot11,5,-1.7358,-10.5326,-3.6362,2.4922
pilot11,6,2.6873,-1.3132,1.3182,-1.9472
pilot11,2,-0.12664,-9.2567,-7.5225,-2.1595
pilot11,6,-1.7123,-4.9287,-4.0082,0.57745
pilot11,2,1.3511,-8.0895,1.8371,2.2484
pilot11,5,3.1006,-1.3096,-3.105,0.39193
pilot11,2,5.6232,-5.7724,-1.1505,-1.3199
pilot11,3,-4.7489,-9.9441,-5.8047,0.8265
pilot11,8,-3.339,-2.1122,-5.9308,-1.0326
pilot11,6,-0.31572,-7.4243,-1.6967,-2.6097
pilot11,5,4.7676,-2.7873,-0.1739,0.56489
pilot11,4,-1.0774,3.1814,-0.85119,3.5638
pilot11,5,0.95482,-9.558,-2.909,-1.6835
pilot11,4,4.9665,-4.1557,-2.3701,-1.7011
pilot11,7,2.6246,-3.0284,2.0262,1.656
pilot11,5,-3.419,-6.8206,-1.004,-0.55172
pilot11,2,0.96264,-5.9177,-4.0364,0.10114
pilot11,3,-1.3859,-10.1787,-3.5122,-0.63364
pilot11,8,0.52746,-5.4149,-6.2821,-0.32357
pilot11,4,2.7216,0.42293,-1.2626,2.2104
pilot11,2,2.5989,-4.039,0.49215,-3.6157
pilot11,7,0.17773,-3.6533,-0.56153,-1.4824
pilot11,1,-6.0204,-6.7098,-5.7026,-1.2202
pilot11,2,-2.8291,-8.2831,-2.7554,-1.1277
pilot11,1,-1.8884,-7.2453,-6.8207,1.0052
pilot11,5,-5.4861,-9.6469,-5.9528,1.0924
pilot11,2,1.7811,-7.0527,1.7559,-0.79455
pilot11,2,-3.43,-4.7812,-1.9286,-1.7433
pilot11,5,4.5288,-1.5004,-1.4529,3.1106
pilot11,4,3.2998,-4.5411,-4.5863,-0.55163
pilot11,7,-4.0437,-4.0981,0.9172,-0.25483
pilot11,5,1.408,0.67391,0.92976,-0.39105
pilot11,5,2.5769,1.3695,4.7118,-1.3775
pilot11,4,-2.3747,-4.6752,-4.0433,-0.23084
pilot11,1,-4.6798,-5.0767,1.1658,1.4491
pilot11,6,-3.2078,-13.3483,-10.4129,2.8955
pilot11,4,2.6505,0.088648,0.88098,-1.2991
pilot11,5,-3.0579,-7.251,-6.3404,-0.015926
pilot11,6,1.7298,-4.8031,-4.7531,-2.6446
pilot11,6,1.4351,-4.2803,0.76287,0.98706
pilot11,8,0.86828,-3.9589,-0.72759,1.8365
pilot11,4,-4.9344,-11.6865,-7.1469,-1.7735
pilot11,4,1.4464,0.32554,-3.5383,4.2479
pilot11,4,-2.16,-6.9528,-4.1152,3.8726
pilot11,5,-1.0732,-2.2088,0.72459,0.055343
pilot11,6,-0.11116,-4.3725,4.9595,-1.8574
pilot11,1,-3.2891,-2.0341,-3.0933,1.6138
pilot11,6,-0.18606,-5.8377,-0.4638,0.62146
pilot11,5,-4.1022,-7.2061,-3.2203,-0.32794
pilot11,3,0.44163,-5.8083,-0.15825,0.080417
pilot11,4,-2.8562,-4.8457,-1.1668,-1.1257
pilot11,8,1.7061,0.0068188,-2.7732,-3.3621
pilot11,8,-0.70396,-1.9712,-0.13194,-0.60432
pilot11,4,-6.3787,-8.3602,-5.9125,2.2967
pilot11,1,-1.0426,-7.6032,-2.586,0.65694
pilot11,5,0.42294,-6.2002,-1.4931,-3.3316
pilot11,6,2.4781,-11.3175,0.26074,1.6146
pilot11,2,2.5226,-9.3211,-1.8881,2.8388
pilot11,5,-1.9133,-2.1446,-0.67138,1.4349
pilot11,6,0.25115,-6.099,0.85177,-0.66913
pilot11,2,-2.9539,-6.3922,-2.4625,-0.16554
pilot11,2,0.93326,-2.0174,1.6979,2.9595
pilot11,2,-2.4744,-7.3268,-5.9634,1.0499
pilot11,1,-2.7159,-6.5006,-6.2165,-1.9498
pilot11,4,0.36116,-5.455,-3.1175,-2.2749
pilot11,3,-7.3025,-10.581,-6.4866,4.3006
pilot11,4,-4.0784,-6.8372,-13.1209,1.0289
pilot11,4,-0.45249,-7.0568,-8.5153,3.2974
pilot11,6,-3.052,-3.198,-0.040773,-0.45251
pilot11,4,-1.7107,-0.42204,1.8185,-1.6778
pilot11,7,-3.8954,-9.1161,-5.8322,-3.6287
pilot11,1,4.1936,-1.0308,0.88418,0.75237
pilot11,6,4.6978,-3.3137,-0.20996,-0.0033578
pilot11,6,-2.4339,-12.4959,-5.8781,-1.8659
pilot11,6,8.8121,-0.62433,4.2315,-1.0571
pilot11,1,-5.0306,-10.049,-7.6115,4.327
pilot11,4,5.3733,-0.79968,-4.2886,2.6433
pilot11,3,3.2998,-7.0776,0.30371,-1.9256
pilot11,6,2.0718,-6.3171,-2.863,-1.9999
pilot11,3,2.3256,-6.1311,1.7117,0.86562
pilot11,2,2.5477,-2.9962,-4.2309,1.7555
pilot11,4,-11.4965,-10.4581,-11.1124,-0.91265
pilot11,5,-1.0464,-4.4926,-3.3531,-1.4509
pilot11,6,-2.4639,-7.8581,1.4633,0.32953
pilot11,6,7.6431,-5.7866,1.418,-0.37663
pilot11,8,-0.36747,4.3215,-0.96043,0.33744
pilot11,7,3.9323,-4.7886,-1.6845,-0.2132
pilot11,3,4.164,-2.4675,3.1996,0.54645
pilot11,7,-1.5843,-4.5895,3.9712,0.73781
pilot11,7,1.0043,-4.7539,2.812,2.5276
pilot11,4,-6.5372,-2.1516,-8.7801,-0.70349
pilot11,2,-0.52689,-5.9957,-2.5506,-1.8948
pilot11,4,-0.85426,-5.7646,-0.27452,2.8348
pilot11,1,-5.4591,-0.49637,0.13403,-1.9623
pilot11,3,1.5148,-5.3479,-2.7437,4.5038
pilot11,6,1.5254,-5.612,-0.74107,3.4684
pilot11,1,2.3898,-0.029142,0.057217,0.89989
pilot11,5,5.1763,-3.0056,4.1956,-1.6679
pilot11,7,-1.5177,-12.3192,-4.904,2.5677
pilot11,7,2.6534,-4.0113,-5.8214,1.2148
pilot11,1,-4.018,-6.9793,-1.753,2.8965
pilot11,7,5.8217,-1.5892,8.8361,-2.2577
pilot11,6,2.6518,-7.7596,1.1011,-2.2111
pilot11,4,1.2917,-2.829,-6.1492,2.7639
pilot11,1,7.1877,-4.6841,0.10229,-2.1459
pilot11,1,6.0407,6.7005,4.4865,2.2814
pilot11,8,-4.015,-4.216,-8.3358,2.0355
pilot11,8,-4.9879,-8.908,-10.6572,-4.457
pilot11,5,-0.16239,-7.5828,-2.4988,0.075095
pilot11,1,-0.17822,-7.6262,-5.5511,1.427
pilot11,7,2.8423,-0.051121,-0.49005,1.8134
pilot11,2,2.8924,-8.8594,1.1805,-0.15674
pilot11,2,-4.3505,-6.4806,-4.1618,0.063858
pilot11,2,2.8393,-1.1038,1.6737,-3.13
pilot11,8,5.3757,0.023089,2.3557,0.3241
pilot11,7,0.21495,-10.3022,-4.5587,2.1041
pilot11,4,-1.6919,0.49103,-5.0525,-2.4542
pilot11,2,2.5814,-3.8259,-4.5453,-2.2955
pilot11,4,4.9882,-6.6502,-6.3829,-0.64392
pilot11,7,-1.254,-4.7573,-1.7011,-2.0398
pilot11,7,-3.1066,-11.454,-3.128,1.4182
pilot11,5,-3.3626,-10.2312,-7.6113,5.8209
pilot11,3,-4.6724,-9.0498,-3.5645,4.6092
pilot11,4,-1.6105,-4.1292,-3.8195,2.4477
pilot11,4,4.6227,-6.2461,-1.4096,-1.7376
pilot11,2,2.6751,-7.5431,-2.9175,-0.87872
pilot11,1,-3.7198,-8.7206,-3.7887,-3.046
pilot11,6,5.325,-4.7711,-1.2347,-5.4124
pilot11,6,2.8889,-4.9637,-7.6892,-2.9747
pilot11,6,-4.4995,-14.0491,-6.5659,-1.4419
pilot11,2,-2.0972,-13.6745,-10.0228,1.2841
pilot11,7,8.5333,-7.6756,0.66724,-1.5412
pilot11,5,2.9189,-2.4588,-3.7746,3.7446
pilot11,1,1.8251,-4.3006,0.0095878,3.0039
pilot11,8,0.73966,-5.7078,-5.5159,-0.09502
pilot11,3,-1.0009,-10.5663,-5.4617,0.90093
pilot11,2,-2.3576,-7.7241,-2.7436,1.2682
pilot11,3,0.95746,-0.24269,3.2285,0.68909
pilot11,4,-3.6406,-2.3054,1.1652,0.16789
pilot11,5,-2.1967,-5.002,-0.73565,-0.57725
pilot11,3,2.9975,-1.4011,-5.655,1.1434
pilot11,6,3.4149,0.39339,7.9676,5.1064
pilot11,1,0.17068,-11.1249,-5.4566,-0.063781
pilot11,3,2.8191,-6.2811,-1.3263,-1.2651
pilot11,2,5.3183,0.77224,4.9628,1.642
pilot11,6,1.1796,-0.41088,7.1326,-3.9709
pilot11,2,1.7211,2.2028,2.8971,-2.475
pilot11,2,0.69763,-2.8594,-2.4265,2.0349
pilot11,4,1.5043,1.29,-2.4292,5.2282
pilot11,4,-0.80804,-5.0095,-8.916,3.1263
pilot11,1,3.52,-4.8055,-3.7544,4.1493
pilot11,6,6.0849,-2.1617,0.24511,1.3919
pilot11,8,2.4958,2.0886,-0.95905,-3.015
pilot11,8,-4.3549,-3.4011,-8.0357,-1.6299
pilot11,7,-1.5886,-8.006,-1.282,1.7849
pilot11,3,1.6365,-7.0972,-0.64587,-0.08889
pilot11,8,-1.29,-4.9968,-8.4855,0.15192
pilot11,6,2.4028,3.3719,4.9104,-1.1394
pilot11,8,-5.9949,-7.9505,-7.8601,0.098044
pilot11,6,-0.83581,-4.2017,-1.4505,3.2021
pilot11,4,1.5124,-1.7468,-4.7991,3.9454
pilot11,4,-3.1359,-8.5424,-5.3682,2.0286
pilot11,1,0.26073,-6.4675,-3.4883,2.0563
pilot11,3,3.2235,1.9451,-0.58383,-2.6828
pilot11,4,-1.0055,-6.2437,-3.5823,-1.5237
pilot11,5,0.1012,-4.4905,2.1989,0.45181
pilot11,4,-3.5662,-8.8327,-3.0982,0.25973
pilot11,7,4.9638,-1.8744,0.76598,-0.24519
pilot11,4,-4.1887,-2.9852,-8.822,3.2785
pilot11,5,3.7985,-11.4547,1.9658,1.5607
pilot11,1,0.45622,-4.98,-0.24438,0.83359
pilot11,7,0.63284,-3.2421,3.5836,1.0785
pilot11,4,-0.49114,-3.2684,-6.4165,3.3926
pilot11,4,3.5244,0.34912,-2.1034,-0.473
pilot11,6,1.9391,-8.9844,-0.19889,0.12388
pilot11,8,-1.9352,-2.1089,-3.5362,0.87196
pilot11,1,-1.5321,-7.7547,0.075816,5.5643
pilot11,5,-2.8214,-4.1633,0.33304,1.0123
pilot11,3,-3.7653,4.3629,2.9546,2.0932
pilot11,7,3.3569,-4.3374,-2.5923,1.2727
pilot11,2,0.23886,-2.6769,-2.8329,-1.1087
pilot11,5,-5.2602,-5.7804,-7.8651,-1.4752
pilot11,4,-0.29482,0.83006,-4.4116,0.95156
pilot11,3,-5.8425,-5.8875,-5.8248,-1.3252
pilot11,8,0.9866,-2.5519,-2.2495,-2.7198
pilot11,3,3.4346,-6.6621,-6.4767,-0.046516
pilot11,8,0.7209,-3.7916,-0.17459,2.7687
pilot11,7,-0.91536,-8.5619,-3.6501,0.76505
pilot11,8,1.2026,-1.431,-4.0095,1.4873
pilot11,2,-2.1826,-6.7795,-6.6622,2.8066
pilot11,2,0.26631,-6.079,-0.18916,-0.62507
pilot11,8,2.4097,0.55118,-5.3622,2.6294
pilot11,7,0.33773,-11.0641,-2.4716,2.9738
pilot11,4,3.6748,6.1722,-3.0345,1.8722
pilot11,1,-5.3022,-8.7091,-1.5088,1.5619
pilot11,1,-0.49403,1.3961,5.9733,0.62947
pilot11,8,0.59928,-0.48319,-3.6537,1.2106
pilot11,7,4.582,-6.8246,-2.1676,0.16634
pilot11,3,-0.73709,-2.77,-2.0685,2.2398
pilot11,3,1.679,0.43607,1.7658,0.17774
pilot11,5,-0.69003,-6.5027,-8.2017,4.5673
pilot11,6,-0.84029,-8.3551,-0.11321,0.79
pilot11,1,-3.7942,-3.6451,-1.225,3.0445
pilot11,3,0.39339,-4.8395,-2.9495,1.5366
pilot11,3,-0.88872,-4.4687,1.6509,2.2755
pilot11,8,-2.5938,-6.756,-2.9263,1.8895
pilot11,3,3.2251,0.50568,-5.2116,-1.2871
pilot11,3,-1.1536,-8.9674,-8.0465,-4.2604
pilot11,4,0.32462,-9.2225,-6.1626,-0.26865
pilot11,1,-2.8937,-4.4514,-4.0023,3.2252
pilot11,4,2.7101,2.4449,-4.8356,2.1855
pilot11,1,-3.0028,-3.6506,-0.82891,-0.32804
pilot11,8,-3.2212,-1.6805,-5.653,4.1482
pilot11,7,5.5153,-0.76921,-0.61846,0.18939
pilot11,7,0.96405,-10.6237,-5.6472,3.2779
pilot11,5,0.84314,-5.7023,-3.1288,4.0363
pilot11,5,-0.62393,-5.8152,-3.4365,0.42991
pilot11,8,-6.0133,-3.174,2.1498,5.5457
pilot11,4,-4.1904,-3.1799,4.87,-0.96333
pilot11,7,3.8652,-2.5857,2.0175,4.0172
pilot11,2,0.42997,-6.2028,1.3083,0.84824
pilot11,4,0.96446,-0.41385,-5.6535,1.1718
pilot11,3,2.0603,-6.5042,-6.1861,0.07089
pilot11,6,4.8977,-7.7488,-2.2537,-1.2813
pilot11,5,-1.4893,-9.3031,-3.1968,-7.8878
pilot11,3,-2.6275,-5.1741,-0.87906,2.5266
pilot11,5,6.9129,-11.7671,0.47565,0.16638
pilot11,3,0.10317,-0.91752,0.20481,3.4963
pilot11,3,-3.3391,-3.9178,-9.7413,0.42563
pilot11,1,-0.38253,-0.49388,4.5767,4.135
pilot11,6,-1.0172,-4.1704,-0.61681,-0.98994
pilot11,5,1.1467,-2.9248,2.2038,-3.2329
pilot11,1,0.5439,0.47583,-0.89647,0.12489
pilot11,6,2.2886,-0.15288,11.2442,1.4556
pilot11,7,-3.0404,-3.3484,-0.60015,1.7056
pilot11,3,-1.4072,-2.8414,-0.43903,3.4236
pilot11,1,-1.2911,-5.2062,-6.7744,3.4737
pilot11,5,-0.5165,-0.32358,1.0194,-0.12913
pilot11,3,4.6598,-1.6064,2.3266,1.8246
pilot11,1,-1.702,-5.4863,-4.279,1.8845
pilot11,1,-0.063887,-6.8773,-4.1333,7.4145
pilot11,2,2.2814,-12.3344,-6.0416,3.1256
pilot11,1,-5.1416,-5.7684,-3.8386,2.1183
pilot11,4,-1.0103,-4.9766,3.903,-1.8301
pilot11,1,1.0905,-6.5691,-0.52946,0.37685
pilot11,2,-4.8449,-4.0212,-3.7299,-1.317
pilot11,3,3.7827,-4.0732,2.5704,-0.48828
pilot11,3,-4.8501,-10.9271,-4.1958,1.1753
pilot11,4,3.9498,-3.9706,-6.4626,-1.2401
pilot11,5,-1.6747,-5.1345,0.03784,1.0287
pilot11,7,-1.3023,-4.2975,-0.75611,-0.23093
pilot11,5,-7.3224,-7.6648,-4.912,2.3879
pilot11,3,-2.8174,-5.8891,-5.1281,1.7398
pilot11,3,0.60727,-3.7972,2.4033,0.47702
pilot11,2,2.916,2.1778,0.82768,2.74
pilot11,6,6.0236,-1.7198,3.5237,1.7902
pilot11,1,2.7448,3.1484,6.064,3.4077
pilot11,6,5.1327,-0.19867,2.4467,0.59067
pilot11,5,-3.9197,-3.5996,-2.7786,3.6117
pilot11,5,2.1736,-6.9094,-1.531,-1.2562
pilot11,7,2.4843,-4.5852,-6.4176,-1.4485
pilot11,5,-5.1336,-10.6614,-1.8722,5.081
pilot11,4,1.2857,-3.9114,2.5328,-1.3574
pilot11,4,-0.33747,0.38963,-4.8968,-1.1088
pilot11,7,-4.2458,-17.255,-7.4293,2.102
pilot11,3,-0.43456,-2.2892,-2.8067,3.2574
pilot11,7,-3.9071,-10.7404,-9.7198,2.7344
pilot11,5,-0.42484,-5.1294,-2.3058,-1.154
pilot11,8,-1.2395,-0.879,-0.56172,-0.18833
pilot11,6,-0.63256,-6.2693,-1.3224,-0.14682
pilot11,7,-1.8031,-2.8931,-2.1665,2.1078
pilot11,5,2.2222,-11.3607,-6.9157,0.4129
pilot11,5,-0.60972,-8.4418,0.88904,1.3489
pilot11,3,5.7607,-5.9687,-5.0084,3.5792
pilot11,7,-6.1212,-9.0801,-1.3426,1.5981
pilot11,1,8.0483,-0.97601,7.7046,2.9078
pilot11,1,4.1813,-1.7091,1.3283,-0.53254
pilot11,2,2.8352,-2.3543,5.769,3.5468
pilot11,5,-5.4468,-7.7745,0.058178,1.3136
pilot11,6,4.9858,-2.3942,1.1666,-0.041691
pilot11,4,-3.6088,-11.2747,-6.0618,3.7374
pilot11,6,-0.82894,-13.9665,-3.9455,0.15095
pilot11,3,2.9795,-7.2971,-2.2776,2.2102
pilot11,4,-1.7854,-3.3055,2.341,0.0028366
pilot11,1,-1.2884,-5.4912,-2.8576,2.1775
pilot11,6,-1.3427,-6.0084,-2.1253,2.5775
pilot11,8,-1.6478,4.38,4.6518,2.4326
pilot11,6,-0.76218,-4.0251,-1.9174,-1.4889
pilot11,8,-5.5719,-11.7977,-4.0474,-3.8522
pilot11,2,1.5712,-6.1217,-0.553,-8.8047
pilot11,2,2.9905,-7.9527,-2.2113,2.2445
pilot11,1,2.6617,-10.9286,-3.096,1.8818
pilot11,7,0.68966,-3.361,-5.1608,1.7633
pilot11,4,-1.9655,-3.6312,0.086426,5.1345
pilot11,7,-0.57938,-3.3516,-3.2497,-0.18295
pilot11,7,-2.1701,-10.4622,0.039363,2.2375
pilot11,1,4.8563,-2.7962,0.78134,1.6173
pilot11,4,1.5307,-3.1437,-6.8237,0.26215
pilot11,7,-3.5671,-9.3022,-9.0148,2.5966
pilot11,4,-0.9696,-7.4587,-5.2665,2.9375
pilot11,6,-3.6709,-9.635,-2.5508,-2.1123
pilot11,8,-1.0653,-4.0699,-3.6328,1.1164
pilot11,2,1.3733,-3.0652,-0.12765,3.9463
pilot11,1,2.1367,-2.598,-0.24356,2.0522
pilot11,7,2.3334,-2.2175,0.12052,-4.0102
pilot11,2,7.3859,-3.7646,0.20352,0.85182
pilot11,8,0.96011,0.66877,1.1937,2.8439
pilot11,5,-2.7082,-11.0603,1.9925,7.4945
pilot11,1,2.9931,-6.4694,-0.99606,3.6541
pilot11,3,-2.6378,-10.5735,-4.0049,4.304
pilot11,6,1.8442,-3.3309,-4.1068,0.55257
pilot11,7,-3.6587,-9.4921,-13.9467,-4.0541
pilot11,5,-3.9947,-6.1209,0.19894,-3.3917
pilot11,8,1.5481,1.4344,-0.10236,5.9224
pilot11,5,-2.1025,-7.8832,0.65051,3.9172
pilot11,6,-4.5641,-6.7791,-7.639,2.9172
pilot11,8,7.0238,2.673,-0.40281,1.3265
pilot11,7,3.4212,-10.4283,1.171,3.1246
pilot11,4,-5.8367,-8.0335,-6.6006,0.65437
pilot11,7,-2.21,-6.7809,-10.8038,4.3331
pilot11,8,-5.7374,-8.9874,-4.6819,0.08708
pilot11,8,-4.2772,-6.0959,-4.9221,5.3408
pilot11,7,-5.3686,-6.8602,-6.8399,1.7345
pilot11,6,-1.793,-8.3736,-5.5773,-4.0211
pilot11,2,1.5866,-4.8579,-4.9791,-1.1557
pilot11,7,-3.4783,-2.6601,-2.2477,3.7627
pilot11,8,-4.5398,-1.3385,-7.5095,1.3364
pilot11,3,0.5548,-4.1594,-5.53,2.3279
pilot11,3,-1.7856,-1.5823,1.5435,2.1546
pilot11,1,5.8979,-2.2445,0.67772,1.458
pilot11,3,0.34871,-2.5915,-2.0576,3.5211
pilot11,3,6.314,3.1173,0.0056674,0.9719
pilot11,5,5.1911,1.0217,2.6437,-4.3098
pilot11,3,-0.7962,-2.7257,-1.4847,1.8469
pilot11,1,2.0529,-0.32545,-0.56407,-0.51074
pilot11,8,0.28944,-3.327,-1.1157,2.8119
pilot11,6,3.7826,-4.4762,5.0967,2.9094
pilot11,6,2.0936,0.061837,1.6696,-0.52983
pilot11,2,2.9254,0.58694,1.1596,0.51372
pilot11,7,-1.9152,-6.7414,-6.9812,-1.2962
pilot11,5,0.1148,-1.8371,-5.0437,4.2703
pilot11,5,0.49501,-2.7821,0.39744,2.3443
pilot11,8,3.1783,0.98332,1.7438,1.201
pilot11,1,-0.55105,-9.8107,3.2264,1.5051
pilot11,4,-4.633,-3.3863,-1.3906,-0.73274
pilot11,8,-1.9206,-1.0051,2.9465,0.66329
pilot11,2,3.0598,-3.5581,3.0239,0.053054
pilot11,8,-2.3508,-3.293,3.0113,2.4593
pilot11,8,1.3597,-3.2253,-5.4354,1.7364
pilot11,7,-4.9889,-7.9627,-7.0013,0.12759
pilot11,1,-1.3893,-11.3713,-5.2041,1.009
pilot11,6,4.7415,0.57862,-0.42461,-1.1541
pilot11,8,-4.6376,-1.0226,-7.0906,2.0099
pilot11,2,-1.0664,-2.1223,5.1626,0.82252
pilot11,8,1.323,-1.8108,-5.4421,-0.020983
pilot11,7,-0.082941,0.021702,1.1836,-0.82069
pilot11,5,-2.9597,-3.0669,-3.9363,0.99833
pilot11,8,-2.3278,-3.2584,-2.3916,1.2574
pilot11,8,0.15429,-1.4472,-9.3755,5.9369
pilot11,1,0.9935,-0.6283,2.0216,4.2629
pilot11,4,-1.2251,6.8848,-3.8865,1.6927
pilot11,5,-3.1885,-4.8313,-2.6906,1.9315
pilot11,2,-1.4846,-5.3312,3.6303,-4.5284
pilot11,2,-1.3481,-5.6519,-0.81225,1.9179
pilot11,5,-3.9861,-9.1239,-5.907,-2.6517
pilot11,3,-2.6931,-11.279,-5.8717,-0.011323
pilot11,1,-6.8825,-7.2112,-9.2124,-2.211
pilot11,6,-0.27894,-8.7723,-5.5243,1.1328
pilot11,1,0.4659,-2.8921,-3.3733,-2.3303
pilot11,6,6.9714,-2.3985,6.9136,3.1864
pilot11,5,-3.8469,-11.3327,-7.966,3.3059
pilot11,5,-1.008,-5.1359,-2.4062,3.6954
pilot11,8,-0.25384,1.7811,-1.4392,-3.0478
pilot11,8,-0.19596,3.8974,1.8418,-0.4078
pilot11,7,-5.9152,-6.3225,-1.8486,0.29944
pilot11,2,-1.883,-10.7606,-2.5857,2.869
pilot11,1,-2.778,-2.1455,2.2417,-0.35412
pilot11,7,4.6035,1.1243,0.2696,2.279
pilot11,5,-7.4318,-14.0617,-3.5445,4.1728
pilot11,5,-1.2348,-9.3238,-0.091059,-0.084011
pilot11,7,1.0838,-2.0614,-3.1476,0.99516
pilot11,1,3.5844,-0.66546,1.2785,1.7408
pilot11,2,-1.0039,-4.3139,-0.99942,1.027
pilot11,1,-6.5584,-6.2376,-2.539,-1.0908
pilot11,3,-0.84524,2.8429,-3.1735,0.40207
pilot11,4,-1.7322,-5.295,-11.5273,-0.26928
pilot11,6,2.6718,-7.9361,0.34718,4.6709
pilot11,5,-0.014877,-7.742,1.1971,1.8627
pilot11,5,-4.7456,-9.4954,-2.7562,-0.12834
pilot11,8,-3.8872,-7.6241,-6.3597,1.8257
pilot11,6,-2.9952,-7.7122,-5.037,3.864
pilot11,8,-3.1229,-4.0281,-5.9003,-3.0172
pilot11,6,1.2372,-4.1817,-6.7553,4.8516
pilot11,8,5.5016,0.48318,-5.679,-4.9549
pilot11,8,-0.79479,-3.8278,-6.1043,2.2515
pilot11,4,-2.2071,-2.3904,-4.3916,0.78168
pilot11,2,5.2788,0.31233,2.3409,-1.3085
pilot11,6,3.7496,-5.53,-3.8918,-0.77923
pilot11,6,-8.8309,-7.9684,-3.3289,-2.1512
pilot11,1,-4.5018,-0.19983,0.94653,4.606
pilot11,1,1.5727,1.996,-0.57518,2.8324
pilot11,3,1.2513,-9.2044,-7.8852,3.4981
pilot11,5,5.0234,-0.66318,6.0092,-3.8629
pilot11,2,4.1985,1.1757,-3.743,-1.8976
pilot11,5,-2.7787,-12.8309,-4.0402,1.6042
pilot11,1,-2.9176,-7.3978,0.65903,-1.9574
pilot11,5,1.6811,-7.3783,-0.52742,-0.42522
pilot11,3,-10.979,-9.7375,-10.0687,3.4445
pilot11,7,-0.10534,-5.2492,-3.2581,-5.3252
pilot11,1,-3.8289,-12.5116,-3.576,-1.1403
pilot11,4,-4.0686,-4.015,-4.0131,-1.6551
pilot11,1,5.3877,3.2414,3.7028,0.29086
pilot11,3,-0.11719,-5.3355,-6.1767,-3.8916
pilot11,2,1.0436,-6.7144,2.5522,3.0613
pilot11,8,-2.7333,0.87052,3.2824,-1.8172
pilot11,8,3.0113,3.4595,3.3771,5.0649
pilot11,3,-6.6193,-11.0187,-10.7765,0.34224
pilot11,5,-6.1857,-11.9244,-8.6928,7.0376
pilot11,3,2.0604,-6.4955,-2.2919,2.0733
pilot11,8,-1.3665,-6.7329,-3.8079,3.988
pilot11,7,2.6281,-2.9103,1.7882,4.4837
pilot11,7,-1.8411,-6.9451,-6.9324,0.69957
pilot11,3,4.7506,-2.2521,-0.42233,-1.8144
pilot11,6,-2.8823,-7.1663,-0.6637,2.372
pilot11,7,-3.2211,-6.8341,-9.4092,-2.0898
pilot11,7,0.10968,-0.47591,-0.55186,2.8126
pilot11,2,4.4628,-2.8946,-0.072182,-0.9286
pilot11,3,4.7,-3.973,-0.44055,-2.7602
pilot11,2,8.4906,-5.877,-0.63161,1.0705
pilot11,6,2.7432,-6.7271,-2.3378,2.0386
pilot11,2,5.5759,-9.0011,-1.2773,-1.2284
pilot11,8,3.5754,2.9495,3.5719,9.8005
pilot11,6,2.7432,-3.5481,3.6082,-1.6229
pilot11,6,6.6428,-4.398,-2.9453,0.7133
pilot11,2,-1.1998,-12.1901,-1.6146,3.5977
pilot11,7,-2.2325,-2.8625,-11.6986,5.2632
pilot11,2,4.8817,-1.2647,7.4285,2.1541
pilot11,1,-0.36539,-5.0742,0.38054,3.0206
pilot11,7,-2.9289,1.3163,0.64333,0.31037
pilot11,8,-2.6962,-3.7617,-4.9055,-0.27791
pilot11,6,-0.26192,-2.3205,1.2081,1.8908
pilot11,2,0.58851,-6.4462,0.55264,4.9774
pilot11,3,-1.3414,-7.6797,-2.6023,4.2604
pilot11,4,-1.0898,-1.0501,-2.9565,3.6943
pilot11,8,0.87375,-1.9606,-3.5487,-2.1775
pilot11,4,3.7058,2.3377,0.66273,1.0102
pilot11,1,2.0388,-0.25006,-1.5325,0.61522
pilot11,1,-1.7015,-6.8027,-1.9369,1.5625
pilot11,8,5.152,0.043087,0.74614,2.4453
pilot11,2,4.4585,-9.1881,-5.0118,6.1633
pilot11,7,-5.3812,-6.3043,-0.82466,1.2332
pilot11,7,-1.3176,-3.2731,-5.4348,0.35712
pilot11,2,-2.7983,-10.3271,-7.3691,1.5834
pilot11,1,-2.4807,-9.0258,-2.939,-1.9103
pilot11,2,3.3256,-6.8767,-0.69078,4.0572
pilot11,3,-2.136,-9.511,-8.7335,3.9111
pilot11,3,5.4994,2.4747,3.2566,-3.5746
pilot11,8,4.4615,-0.69822,-0.011599,4.3801
pilot11,7,-0.75589,-5.2697,-3.2947,-1.1056
pilot11,4,-1.5473,-3.8506,2.428,-4.0054
pilot11,2,4.1737,-4.537,3.1422,2.294
pilot11,3,-0.41553,-11.2953,-10.2863,4.0954
pilot11,2,-3.8593,-5.613,-4.1361,0.017357
pilot11,3,-2.9692,-15.7887,-8.8316,-1.3894
pilot11,5,-2.9691,-9.4662,3.978,4.6305
pilot11,2,-3.4499,-9.4925,-3.2407,0.42657
pilot11,4,0.07683,-3.1535,-5.2945,-3.9968
pilot11,2,4.8452,-2.2584,1.3456,-0.42156
pilot11,3,3.3374,-1.2223,-5.2973,0.72612
pilot11,4,1.2794,3.5781,-3.8922,7.8117
pilot11,6,5.9648,0.40985,1.668,2.5293
pilot11,8,-10.2423,-11.2633,-10.2556,2.7455
pilot11,3,4.9833,-6.9511,0.71816,2.7541
pilot11,3,0.14756,-4.2723,-3.1397,3.2144
pilot11,8,-2.2189,-0.85899,-13.2803,-1.8191
pilot12,5,1.839,-1.0675,-1.7176,0.29528
pilot12,6,7.3536,8.268,7.3138,0.72606
pilot12,8,-2.9839,0.92672,-1.4338,1.2316
pilot12,6,-0.27915,0.67501,-2.828,0.88152
pilot12,2,3.2548,1.0949,1.4707,1.6314
pilot12,5,5.3866,7.6974,4.2497,0.77972
pilot12,7,0.33594,-0.83165,-0.35252,-1.1091
pilot12,3,1.3307,1.9428,2.1476,1.3602
pilot12,7,0.60431,0.83635,-3.318,-1.2573
pilot12,6,-4.4579,-2.1441,-4.9602,4.1839
pilot12,6,-0.85946,-3.4867,-3.6746,1.5911
pilot12,3,4.9914,8.0773,-5.2845,-0.36107
pilot12,7,-1.8035,3.0844,2.2244,-0.13847
pilot12,6,0.098339,0.74481,-1.9781,3.6681
pilot12,7,4.4457,4.0696,1.245,1.1495
pilot12,3,1.629,4.4446,3.1024,2.2875
pilot12,8,-3.3567,1.2021,-5.273,0.52505
pilot12,2,4.2604,-4.3156,-3.2788,0.39121
pilot12,4,-4.0664,-1.1064,-2.1593,-0.0017095
pilot12,1,3.9203,2.3824,6.3048,3.3568
pilot12,7,0.79552,-1.1737,-3.651,5.282
pilot12,1,5.3272,0.58796,2.5755,-1.2706
pilot12,8,-2.5187,-8.0263,-0.68554,-0.72139
pilot12,5,2.0627,-1.6531,0.64462,0.020667
pilot12,2,1.1402,0.54659,-2.256,-1.414
pilot12,3,-2.5795,0.119,-3.2135,-5.2792
pilot12,8,-3.164,2.1764,3.7971,-5.0318
pilot12,4,-2.2337,-0.25667,0.37862,-2.6741
pilot12,5,0.069254,-2.3505,0.97764,0.63735
pilot12,8,-0.3997,-2.4182,-0.62358,-0.61049
pilot12,1,0.19948,-2.8274,-1.1034,1.1076
pilot12,6,1.8408,-1.0967,0.90795,-0.32878
pilot12,8,7.4922,10.7131,6.7762,-1.9923
pilot12,1,4.5187,-0.083805,1.9712,-2.4095
pilot12,6,-1.7915,-1.5821,-0.7483,1.1057
pilot12,5,3.8007,-0.33175,1.7195,0.1925
pilot12,5,6.0198,2.2673,6.96,-1.7194
pilot12,5,3.6726,4.2881,5.363,-1.1916
pilot12,8,1.1825,4.193,3.4845,2.0724
pilot12,4,1.3305,6.6541,2.1392,1.6075
pilot12,4,-0.45517,-1.498,-3.9063,-0.93183
pilot12,5,-1.4678,1.5746,0.79559,-0.60577
pilot12,2,2.2351,3.5454,0.42553,2.1699
pilot12,3,1.0078,5.0411,1.4591,-0.20625
pilot12,4,-7.1793,-6.2925,-3.9757,1.6639
pilot12,3,3.5907,6.6279,0.63826,-0.092016
pilot12,1,3.6624,2.8461,4.8884,-3.4688
pilot12,8,3.1686,1.6362,3.3093,-2.106
pilot12,4,-0.079227,3.215,3.8901,1.9864
pilot12,7,1.9089,0.11767,-1.1412,1.0861
pilot12,1,5.6895,4.6207,1.6931,2.0661
pilot12,1,1.9255,2.9158,1.1475,-2.632
pilot12,7,-1.025,-4.3254,-5.2633,-2.0699
pilot12,8,-0.80829,-2.6497,1.6325,-0.19417
pilot12,4,-3.0633,-3.9136,-3.8449,-2.8683
pilot12,6,-1.0044,-1.9889,-6.0919,1.2671
pilot12,4,1.1853,-1.9781,-0.86772,0.006419
pilot12,6,7.4282,11.2118,8.2098,-1.9253
pilot12,7,-2.5306,0.86462,-4.3089,0.89109
pilot12,8,3.3267,5.6345,4.6162,2.3992
pilot12,2,1.5132,1.2633,0.47628,-0.37101
pilot12,1,-0.64886,-2.8514,0.8905,0.18888
pilot12,5,5.6383,1.4714,3.3876,-3.1447
pilot12,3,-0.46467,1.6056,-0.28025,-1.7361
pilot12,6,5.731,1.8582,-1.0039,0.0078588
pilot12,8,-1.8368,-2.5601,1.5291,2.0517
pilot12,6,2.8546,-3.2409,-2.8899,-0.20811
pilot12,7,0.945,4.4777,0.14388,4.6623
pilot12,2,-2.3764,-1.5885,-4.0476,0.7093
pilot12,3,-1.3574,-1.2735,-2.001,4.1239
pilot12,2,3.1493,1.481,-0.12514,-0.54465
pilot12,1,5.1316,0.51982,7.0113,4.3938
pilot12,4,-2.1455,-1.1916,-4.2367,1.0186
pilot12,2,0.73976,-0.12275,-0.18784,2.0885
pilot12,8,-0.3053,-1.2175,-2.3197,0.33708
pilot12,4,-1.058,-1.9311,0.31027,-0.71532
pilot12,5,1.2549,-3.3842,-1.5775,0.91511
pilot12,2,7.6627,5.2169,3.477,1.3992
pilot12,4,1.2806,0.92327,-2.8807,0.76429
pilot12,3,1.0697,-2.0597,-0.34462,1.48
pilot12,4,2.6176,1.465,0.29629,-4.641
pilot12,8,3.1417,-2.3505,-2.1489,-0.19883
pilot12,2,0.23338,-0.77479,1.7915,-1.2198
pilot12,7,-0.062523,-1.2569,-2.7382,0.98154
pilot12,6,2.8273,-0.93872,-0.51145,0.070845
pilot12,7,3.7285,4.8562,7.2941,-1.236
pilot12,6,1.5385,-0.73877,-1.0181,2.2178
pilot12,4,-1.1765,-4.2722,-2.6988,3.1544
pilot12,3,-2.3347,-1.2985,-3.2481,3.2617
pilot12,7,1.3445,1.203,1.4403,-1.414
pilot12,8,-3.8447,0.11041,0.87073,2.4962
pilot12,6,-0.90208,-3.799,-1.1469,2.9143
pilot12,3,-3.809,4.5928,2.2874,2.892
pilot12,7,-1.8092,-2.8411,-6.8788,-0.31681
pilot12,3,2.7658,4.1922,2.1245,0.86268
pilot12,5,4.7074,2.4996,8.874,4.0215
pilot12,1,1.865,0.66945,2.9643,1.7596
pilot12,4,3.6362,5.4682,0.85958,-0.22038
pilot12,5,4.5421,2.8238,2.9131,1.6627
pilot12,6,2.0941,2.5098,0.099508,-1.2015
pilot12,1,0.79597,-3.6773,0.46731,-3.2203
pilot12,6,0.28388,-3.5162,-0.87609,0.4847
pilot12,7,2.4175,7.0434,1.8832,4.022
pilot12,6,1.2477,1.658,2.7645,1.1575
pilot12,6,-3.8126,-4.3949,-6.3121,-0.194
pilot12,2,-2.1616,0.62272,-5.4993,1.4483
pilot12,3,4.5138,7.0022,1.308,2.3262
pilot12,6,-2.1638,-4.7591,-0.17461,-1.7484
pilot12,7,0.29057,-1.4326,0.75626,-0.53898
pilot12,4,1.567,-1.5266,0.71366,0.97249
pilot12,6,5.8206,4.9124,4.6019,6.4796
pilot12,4,-2.8686,-1.3485,2.4864,-0.63715
pilot12,5,-0.57016,4.6992,1.9505,3.0247
pilot12,3,3.1046,2.343,-4.9608,-1.827
pilot12,6,0.2148,0.35167,-1.2405,-2.0253
pilot12,5,3.3998,-2.2861,-0.40897,-0.23152
pilot12,7,-0.14071,2.6158,-0.12804,-2.914
pilot12,7,1.693,-0.11202,-4.5193,3.3181
pilot12,6,-0.42835,-2.5165,-3.0777,-0.039552
pilot12,5,0.94725,1.0404,1.2136,-0.72448
pilot12,2,-1.0361,-0.8007,-2.0902,-2.2601
pilot12,3,-7.7744,-0.032485,-4.8663,0.11329
pilot12,5,0.88697,-0.40681,0.79079,-0.18089
pilot12,6,0.71873,0.90221,1.9722,2.6024
pilot12,3,3.1913,6.3484,3.7914,3.5138
pilot12,5,-0.41401,-4.3416,-5.301,0.792
pilot12,6,3.9903,-4.635,-4.1611,0.62615
pilot12,7,0.50925,2.1478,1.8738,1.6359
pilot12,7,2.8,5.6417,0.39065,3.3002
pilot12,7,4.4173,5.8472,3.6413,0.40972
pilot12,6,2.0812,-1.2841,-3.6097,-0.23953
pilot12,2,-5.4901,-7.2291,-5.4726,-0.63604
pilot12,1,-1.0533,1.7186,1.0397,0.86118
pilot12,6,-1.835,-0.13048,-0.82064,1.0178
pilot12,7,3.8243,2.6408,-0.64068,3.022
pilot12,3,-0.98087,-1.1657,-3.9075,-1.5861
pilot12,2,2.9755,-4.956,-3.3361,-1.1217
pilot12,7,-3.1033,-3.263,-6.4693,-0.7644
pilot12,6,-1.4913,-3.1784,-5.4311,-3.8583
pilot12,7,4.611,8.1622,0.94934,-1.2862
pilot12,8,0.78129,2.4104,1.8908,2.3196
pilot12,8,0.77352,4.8793,2.9776,-4.4161
pilot12,5,6.1794,4.4215,3.5828,0.82836
pilot12,3,6.5379,7.3359,0.76969,0.87958
pilot12,2,3.615,3.3026,1.4367,-1.4133
pilot12,6,-2.4178,-5.1145,-4.5992,1.4269
pilot12,2,0.020995,0.8298,-4.6024,0.20465
pilot12,6,2.8541,-3.2564,-1.7402,-1.1837
pilot12,3,0.81085,2.8961,0.48703,2.5096
pilot12,8,0.3911,2.6717,-0.85538,-0.46353
pilot12,6,2.7055,0.48715,0.60128,-0.011664
pilot12,4,-2.36,0.92418,-2.3732,2.6118
pilot12,8,3.6618,8.2877,8.5429,1.3239
pilot12,3,2.1429,0.63281,-1.5676,0.15626
pilot12,3,5.454,2.4846,-1.6343,2.0549
pilot12,4,4.0144,4.5552,2.4813,-0.80039
pilot12,2,10.1497,4.795,-0.87669,1.9679
pilot12,6,-2.119,-2.0631,0.059179,1.7324
pilot12,6,2.1873,1.654,-0.066981,3.1765
pilot12,7,2.2582,0.4397,-4.5393,-0.51333
pilot12,4,-1.7658,0.2956,-2.7698,1.4613
pilot12,3,-0.55312,5.9385,5.1833,4.9083
pilot12,3,3.0771,4.0821,-0.63599,-2.5084
pilot12,8,3.6174,-0.28373,-3.268,-2.6511
pilot12,6,-0.08836,-0.26841,-0.14645,1.6161
pilot12,7,3.9946,5.6958,-0.092046,-2.1393
pilot12,2,-3.4568,-7.5708,-8.5815,-2.9973
pilot12,8,-1.0978,-2.2654,-2.2152,-1.0693
pilot12,7,0.70041,4.4018,-0.059918,3.1366
pilot12,4,6.4132,1.4035,-4.3559,2.6448
pilot12,8,4.9519,5.2654,7.3252,0.13833
pilot12,6,3.0468,3.3077,-0.25692,-1.189
pilot12,7,-3.0321,0.041005,-6.3134,-1.5999
pilot12,8,-1.6976,-1.1215,-2.3742,-0.71518
pilot12,5,5.8172,1.0532,2.6943,5.2641
pilot12,2,-0.78482,-4.8776,-6.948,-0.67461
pilot12,2,2.7049,0.80157,-2.4532,-5.0298
pilot12,1,0.94568,-5.063,-1.0196,-1.3944
pilot12,7,0.41342,2.2885,-2.4657,3.3985
pilot12,1,3.9395,2.9035,6.505,2.502
pilot12,7,0.67513,2.9967,6.2049,-1.1705
pilot12,7,3.65,3.2034,2.8233,-0.82743
pilot12,7,-0.16755,-2.1032,-2.9947,-0.44798
pilot12,2,0.15584,1.6169,-1.9727,0.11406
pilot12,5,3.4779,0.8511,2.3729,-0.84932
pilot12,8,-1.4396,1.8953,-0.56347,-0.82729
pilot12,4,4.3424,-1.5047,-1.4299,-0.55368
pilot12,4,-2.5786,-1.4955,3.9556,0.31255
pilot12,1,1.2901,0.65211,2.8223,0.98868
pilot12,7,2.4134,1.4166,-3.7532,1.1943
pilot12,7,0.65105,-0.060677,0.47595,0.96804
pilot12,1,-0.76077,-7.8431,-7.7213,1.2291
pilot12,7,-0.1718,1.3426,-1.3474,-1.8112
pilot12,8,4.8193,6.3052,5.9635,4.2441
pilot12,3,0.5394,4.6151,-2.2726,8.0879
pilot12,8,0.28645,0.99246,2.3789,3.1213
pilot12,6,0.63746,-0.2667,-1.057,1.3987
pilot12,1,2.2832,-1.2712,3.7478,-1.0912
pilot12,1,1.255,-4.1921,-2.9062,-0.9185
pilot12,2,2.3975,1.8281,-0.67221,1.1296
pilot12,5,-0.75774,-2.5272,-2.6842,-0.63361
pilot12,5,0.092363,-2.0115,0.8821,-1.0942
pilot12,3,-8.5143,-2.0893,-3.6407,-0.45454
pilot12,4,3.3865,3.3817,-2.9038,2.433
pilot12,4,0.053187,-2.3696,-2.4462,-1.7377
pilot12,8,4.5241,2.9194,4.1591,4.1633
pilot12,5,5.7962,-1.6801,-3.0344,-0.82266
pilot12,2,5.9207,3.8395,3.4716,1.7842
pilot12,4,2.3399,-2.5654,0.24707,-0.028003
pilot12,3,0.51854,-0.39092,-0.49361,4.8378
pilot12,4,-0.13733,0.84217,0.80539,1.0331
pilot12,5,6.1571,0.97296,-1.9137,0.39408
pilot12,5,4.3561,1.0996,-0.44831,1.9794
pilot12,8,-1.0989,0.76723,5.1444,2.3976
pilot12,3,2.2256,5.1347,5.205,-0.38691
pilot12,2,-3.5669,-2.6311,-4.1391,-0.24274
pilot12,3,-1.1805,5.3607,-3.7849,0.79549
pilot12,3,1.37,1.5702,1.3492,0.50642
pilot12,3,-0.036914,-1.453,-2.3649,3.3958
pilot12,7,1.138,1.1869,0.9594,1.0812
pilot12,2,2.2368,2.0872,2.9767,-0.10045
pilot12,2,2.1141,-2.3394,-0.34456,0.31749
pilot12,3,1.1887,4.3296,3.4651,4.0031
pilot12,6,0.82673,0.3554,-0.48034,2.0472
pilot12,6,-3.5934,-2.2873,-2.1431,5.4644
pilot12,5,4.5317,-2.6478,-3.2989,-0.16636
pilot12,3,-0.21719,6.4038,-0.7613,1.5366
pilot12,3,-4.9504,-5.0909,-0.39609,3.4526
pilot12,5,2.5873,2.5711,2.3982,-3.1471
pilot12,1,-1.859,-3.4611,-3.3951,0.98796
pilot12,2,1.0941,2.2457,-3.942,1.8676
pilot12,1,-3.1464,0.79048,-1.805,-1.2797
pilot12,2,-0.02039,1.6828,1.9002,2.2963
pilot12,4,6.1248,1.2845,5.171,0.77832
pilot12,5,0.26061,-3.0344,5.0156,0.95126
pilot12,1,-0.60101,-4.7672,-4.129,-5.7003
pilot12,3,-1.7164,-1.913,-6.9573,0.80655
pilot12,8,1.6933,7.5003,-1.8823,0.44537
pilot12,1,3.9051,0.16594,3.5229,1.8547
pilot12,1,2.6169,2.462,0.8201,0.41844
pilot12,8,0.47017,-3.8708,-2.0636,-0.86321
pilot12,1,0.71414,-1.4619,1.734,-1.3632
pilot12,8,-2.0688,-3.5686,-3.28,0.39763
pilot12,1,5.4562,-3.989,-3.9477,-2.4432
pilot12,4,2.6958,2.5848,1.4473,2.3261
pilot12,4,-3.3206,-0.1995,0.2309,-2.4104
pilot12,6,0.4507,0.15195,4.2909,2.3832
pilot12,1,9.9137,2.1127,0.93584,-1.5528
pilot12,5,3.2266,-2.2623,0.73854,2.4969
pilot12,5,5.538,1.3806,3.8501,3.6411
pilot12,6,1.9191,-0.50819,-3.6411,-2.8144
pilot12,1,-4.8827,-6.9275,-6.4942,-1.525
pilot12,5,3.5158,1.5508,0.6214,-0.66822
pilot12,3,1.9678,3.132,-4.1271,1.5803
pilot12,4,-0.12513,-1.8281,-0.6948,1.6379
pilot12,8,-0.40304,0.45861,0.97058,-0.0091182
pilot12,6,0.76161,2.9517,1.7771,-1.7001
pilot12,2,-0.63909,-0.89837,-1.0821,-2.0964
pilot12,1,5.266,4.4254,1.1633,-0.067207
pilot12,1,13.5015,6.0882,9.0654,3.2723
pilot12,8,-3.3082,-3.8057,-1.5901,0.02448
pilot12,7,0.37711,0.5486,-2.6057,-1.1921
pilot12,2,-1.6912,-1.7267,-3.2078,-0.59871
pilot12,4,-1.9712,-1.7397,-1.9493,1.0137
pilot12,1,1.8903,-1.7555,0.5325,-1.5346
pilot12,5,2.4244,2.5552,2.4096,-2.5291
pilot12,6,1.0799,-2.8309,-2.0428,-2.5939
pilot12,2,0.55394,-3.9337,-2.6827,-0.35617
pilot12,1,2.9562,0.41185,-2.5999,0.6193
pilot12,2,4.4592,-2.3909,-2.8367,0.49419
pilot12,5,1.9165,-0.066268,3.2379,-1.3318
pilot12,3,2.9057,2.8049,4.0286,-1.5979
pilot12,4,-0.075773,-0.31811,-0.77633,2.2265
pilot12,6,4.9229,4.7143,5.9098,2.0238
pilot12,7,2.1882,-3.1661,-2.6304,0.80042
pilot12,3,-0.34387,0.5507,-1.4325,0.87765
pilot12,7,3.4661,3.5366,-2.0902,-0.026235
pilot12,8,1.8781,2.4539,2.9351,3.2962
pilot12,2,0.001783,-2.4144,-5.6044,0.46275
pilot12,7,-3.368,-3.3677,-4.3681,-1.4692
pilot12,4,-0.12842,-1.0816,-0.78296,3.7079
pilot12,4,-0.12697,5.3353,-0.56695,3.0109
pilot12,7,4.9326,5.8138,1.9582,3.7173
pilot12,2,6.8249,1.4198,2.0859,2.1467
pilot12,2,-2.134,-1.4151,-1.0806,-0.63153
pilot12,7,0.16152,-7.3637,-7.1756,-0.89934
pilot12,6,0.36918,1.9505,-2.4784,-0.87336
pilot12,6,2.2411,1.3256,-0.53578,-0.95405
pilot12,2,-0.67477,-2.9888,-1.5731,0.60614
pilot12,8,2.7216,2.7726,0.82564,-3.6699
pilot12,2,2.9015,-2.905,1.4,0.26541
pilot12,3,1.0379,1.6126,-1.2049,-3.2902
pilot12,7,-2.0042,-1.6757,-2.8702,-0.33123
pilot12,5,6.3603,3.8119,3.7085,-3.6868
pilot12,1,0.35538,-0.54787,-0.8387,-0.72439
pilot12,1,1.7981,0.31382,2.2862,-3.5536
pilot12,7,3.6291,-1.3347,-0.27863,0.23531
pilot12,5,4.5604,4.3408,7.6492,-0.25821
pilot12,4,-1.0666,3.1058,4.9818,0.77206
pilot12,3,3.686,6.2193,3.94,2.3028
pilot12,4,0.09057,-4.419,-6.1887,-0.80149
pilot12,3,-1.908,1.2867,0.11524,2.4358
pilot12,5,1.8412,2.8515,-2.0913,-0.24715
pilot12,4,6.6347,3.2472,0.59395,-1.3738
pilot12,4,3.9461,0.025251,-2.0726,1.1735
pilot12,2,-0.01463,-1.1009,-0.76436,2.2017
pilot12,1,4.9086,-0.18146,5.8821,1.293
pilot12,2,2.6495,2.7176,1.8121,-3.0388
pilot12,8,3.4559,2.2927,1.2752,1.3607
pilot12,4,6.9625,7.5319,6.7077,3.9228
pilot12,4,-0.031188,-0.90442,-0.41555,-0.45392
pilot12,7,-1.1858,-1.2489,-4.4212,-1.4939
pilot12,5,0.95317,-2.5918,0.55258,1.9848
pilot12,1,3.573,4.786,2.4563,1.1893
pilot12,6,-2.1216,0.67935,-0.51995,0.80654
pilot12,5,3.3114,-1.2183,1.6771,-1.9493
pilot12,1,4.5438,-0.99051,-2.2982,-0.44219
pilot12,6,3.1645,1.9677,-0.69932,2.7947
pilot12,7,0.074244,4.9026,3.0347,0.37374
pilot12,4,-0.5352,-2.0028,-3.2091,-0.85145
pilot12,2,0.97897,3.3123,1.8848,-0.21813
pilot12,5,2.202,-2.0655,-2.9189,-2.9789
pilot12,5,5.0055,-5.0904,-1.7922,-1.7985
pilot12,8,-3.1789,-0.43826,1.6344,1.3049
pilot12,5,3.7957,0.22835,0.59268,-0.72369
pilot12,5,1.4491,-2.3015,4.261,-2.2867
pilot12,1,-1.9375,-0.84217,-1.9787,1.3105
pilot12,1,-1.8691,-4.8719,-3.6997,1.5227
pilot12,7,-1.4182,0.25483,-0.90014,0.37056
pilot12,1,-2.1869,-3.0754,-2.3202,-3.374
pilot12,3,-1.1271,1.7371,-1.3093,-1.2998
pilot12,8,2.8675,1.9532,3.1663,2.453
pilot12,8,3.4879,2.7039,-2.4993,0.28864
pilot12,1,0.061818,0.030201,2.7348,2.3317
pilot12,5,-2.379,-4.0933,2.5021,-2.5113
pilot12,6,5.9048,5.156,0.92837,-4.7811
pilot12,3,-1.3473,-3.6251,-6.0168,2.6989
pilot12,8,-2.1141,1.3755,-3.0871,3.4264
pilot12,6,-3.5853,0.26826,2.2068,0.33041
pilot12,3,0.23345,2.3763,-0.88344,0.94082
pilot12,8,-3.6906,-0.6959,-2.684,3.1698
pilot12,3,0.49403,0.023768,2.7346,1.0755
pilot12,3,-0.17721,8.0884,4.9045,0.41599
pilot12,6,1.5969,-2.1529,3.6054,-1.0534
pilot12,8,-0.83209,0.67586,0.74605,-0.5264
pilot12,8,-7.4933,-2.1361,-4.4937,1.746
pilot12,4,2.0542,-2.0632,-0.84795,2.5552
pilot12,4,-0.91454,2.2603,4.4647,-1.8398
pilot12,1,-0.99499,-0.51484,-4.4702,3.431
pilot12,6,1.8181,-0.94494,0.20478,3.5175
pilot12,5,3.2048,-1.8678,-3.0819,-0.82405
pilot12,5,-0.045763,-1.6097,-4.3111,1.2802
pilot12,8,5.4772,3.1158,1.3258,0.056493
pilot12,8,4.6741,3.9212,-1.1686,-2.8633
pilot12,8,-0.19046,4.3045,4.6958,2.6689
pilot12,4,-0.25113,2.3701,2.1287,-0.36096
pilot12,7,1.476,3.2429,4.357,1.3189
pilot12,5,6.3453,0.83939,-1.3713,0.85559
pilot12,6,4.5539,-1.3554,-1.255,-0.19222
pilot12,3,-1.3651,3.3462,-2.3886,0.23744
pilot12,6,3.4964,5.7458,2.5829,-1.1205
pilot12,1,5.2119,1.4972,0.5316,1.0705
pilot12,3,-0.8663,-0.3473,-2.9912,0.70149
pilot12,6,2.5146,-0.83214,-1.2502,0.22552
pilot12,6,-2.7317,-3.7777,1.0374,0.36994
pilot12,1,2.0323,-3.2384,-3.4076,1.4993
pilot12,4,2.5606,6.4727,5.6549,0.081226
pilot12,7,0.82419,3.6677,0.25819,2.1261
pilot12,2,2.1614,-1.8427,-0.42819,-1.7096
pilot12,7,-0.9462,3.023,-3.5624,0.57609
pilot12,4,-0.29764,4.0875,3.0032,-0.049139
pilot12,3,-3.571,-1.4646,-1.4505,0.2528
pilot12,5,-4.3375,-5.8119,-1.2636,-0.34992
pilot12,1,0.3594,0.044571,0.89438,0.28707
pilot12,5,-0.81382,2.6407,-2.5874,2.0504
pilot12,8,0.075783,2.3282,2.2326,1.1019
pilot12,7,0.28031,2.9271,1.6797,1.8242
pilot12,8,-2.8376,-0.39295,-0.34953,3.3312
pilot12,6,1.3899,1.5176,-1.804,1.3197
pilot12,4,0.4819,5.0076,1.7029,0.95388
pilot12,6,2.1331,2.0523,-2.4308,-0.21712
pilot12,1,4.9062,1.0842,-1.5511,-0.49955
pilot12,2,3.269,4.216,2.5912,0.21194
pilot12,3,-1.2861,-2.8339,4.7043,4.4179
pilot12,6,8.1272,9.1706,-0.90308,-4.7325
pilot12,5,-1.1522,-0.79438,-6.7461,-2.034
pilot12,7,4.3957,6.4159,1.2387,-0.022804
pilot12,4,-1.3218,2.5741,5.3566,1.2008
pilot12,1,4.199,0.65861,3.478,-0.11945
pilot12,5,5.2056,3.8991,3.3867,0.61012
pilot12,1,2.8364,-0.81817,4.4243,1.0885
pilot12,2,2.7233,0.43452,-2.4013,0.47696
pilot12,7,3.575,9.5394,4.2113,-2.4858
pilot12,2,2.5507,-3.3574,0.89498,-0.4754
pilot12,3,1.3888,2.6861,-1.8621,-0.78991
pilot12,6,0.69772,-2.8963,-4.4789,0.73948
pilot12,5,3.195,-0.84101,-2.4338,0.38978
pilot12,7,2.5504,3.6659,-0.99362,0.076014
pilot12,2,1.3681,2.6244,-1.9772,0.71031
pilot12,3,3.5829,5.1526,-3.1888,0.42103
pilot12,8,3.6366,1.1671,-2.0372,-1.738
pilot12,2,0.94511,-7.7186,-0.19911,0.59867
pilot12,2,0.031553,1.4346,-2.8744,0.36153
pilot12,3,-0.30912,2.256,-2.4389,1.9219
pilot12,2,0.41453,2.8052,-2.1743,2.1735
pilot12,3,-5.5943,-2.7265,-2.5466,1.4553
pilot12,8,2.7953,7.245,7.7352,2.4819
pilot12,4,-0.82546,1.7445,-0.067928,0.40768
pilot12,6,-4.0196,-6.0821,-3.7989,0.03468
pilot12,8,2.2627,0.92782,0.13963,0.66704
pilot12,2,-1.5722,-3.2663,-3.6359,-2.1968
pilot12,2,-3.276,0.58659,-1.4587,-1.2372
pilot12,4,0.43547,4.8308,2.8271,0.61055
pilot12,2,2.0417,3.9008,-3.0329,-0.84502
pilot12,1,2.6064,0.12794,-1.8321,1.867
pilot12,8,-1.0701,1.0201,-2.1718,-1.9675
pilot12,5,1.567,-1.0645,0.087035,-0.41464
pilot12,4,4.8312,1.943,2.8026,-1.5894
pilot12,8,-0.043413,-0.76139,-2.3123,-0.4985
pilot12,5,3.8172,-3.0911,1.2476,-0.40927
pilot12,7,-1.1648,-0.68452,-8.1659,1.4656
pilot12,7,4.422,4.6882,-0.2128,-0.011192
pilot12,1,-1.0216,-0.9551,1.4724,0.23027
pilot12,5,1.3422,3.8858,5.2428,1.5126
pilot12,1,2.8458,-0.63466,2.5681,1.7928
pilot12,1,4.9479,3.4984,6.4968,1.4249
pilot12,2,2.0111,-1.2882,-1.1835,0.18026
pilot12,5,-1.2224,-2.3788,1.1429,1.0294
pilot12,1,6.2243,5.3652,5.413,4.0382
pilot12,7,5.7574,3.8174,-0.8626,-1.0093
pilot12,4,3.7079,-1.623,-1.1376,-0.32881
pilot12,3,1.5694,7.1959,2.119,6.4648
pilot12,4,0.1895,-4.3723,-6.0795,-0.70663
pilot12,1,4.656,-0.037605,3.7005,3.8346
pilot12,1,4.0676,2.8288,2.93,0.1097
pilot12,2,1.0334,-2.3638,-0.95108,-1.7862
pilot12,3,-2.7313,1.5542,-4.1865,1.2227
pilot12,3,2.7462,3.5606,-2.3184,1.3817
pilot12,7,-2.1929,-0.69541,-0.46953,-0.83027
pilot12,2,0.032064,-1.0613,1.5648,-1.9271
pilot12,7,-1.4136,1.8371,-2.6292,0.91295
pilot12,4,2.3052,-0.12456,-0.086125,0.029727
pilot12,3,-4.7868,-4.1135,-4.7252,-1.4202
pilot12,5,8.2206,4.0121,-0.46875,1.2301
pilot12,3,0.94722,-1.0605,-3.0867,-1.0025
pilot12,5,0.89206,-1.0964,3.4347,-0.8137
pilot12,1,4.3021,2.6128,0.10003,1.453
pilot12,5,0.26259,-1.6292,-2.331,1.6692
pilot12,1,-1.7376,-3.8433,-3.2419,0.73411
pilot12,4,-3.7043,-2.0608,0.89533,0.78012
pilot12,7,0.44374,0.27407,2.6161,-1.6318
pilot12,3,0.62702,1.4117,-0.73622,2.3011
pilot12,8,-0.35611,3.8275,-3.3513,0.8746
pilot12,8,-2.2406,1.2126,-1.9016,-3.0772
pilot12,1,-0.54995,-0.16435,-2.0219,0.23228
pilot12,8,1.1406,1.7867,-0.69984,-0.71437
pilot12,4,-0.72318,-1.2925,-2.2234,0.65192
pilot12,2,0.33993,-2.4389,-0.91799,0.4256
pilot12,4,1.233,1.1237,3.7876,-0.76392
pilot12,2,0.3942,-0.81472,-2.1281,0.92178
pilot12,5,2.0481,-0.20116,1.0495,0.18385
pilot12,5,0.054166,4.3998,-1.3526,-0.31461
pilot12,1,-0.69991,-2.8638,-0.72147,-2.2104
pilot12,2,1.6055,-1.3687,1.8727,0.48318
pilot12,2,1.5522,1.1217,-1.5767,0.76089
pilot12,8,-4.5865,1.9798,3.8503,0.16728
pilot12,1,3.1793,4.9879,3.1215,-3.2701
pilot12,2,3.5879,1.4821,-2.5256,1.2878
pilot12,8,-1.5965,-4.9528,-1.8455,0.45766
pilot12,8,1.2033,-1.3498,-1.0138,-1.3062
pilot12,4,1.1384,-1.5028,-0.31573,0.60177
pilot12,4,-6.4443,-1.7205,-5.2517,3.0739
pilot12,1,2.4044,1.0971,-0.68245,1.2468
pilot12,8,-4.5239,-1.4273,-3.8011,-0.15296
pilot12,2,2.9725,-1.3772,-0.45107,-0.0094982